instance_id,status,ego_tokens,bm25_tokens,sum_tokens,dedup_union_tokens,n_nontrivial_gold,nontrivial_recall_union
contextbench_verified::SWE-Bench-Verified__python__maintenance__bugfix__deb49033__6500928dc0e5,ok,5939,6454,12393,7529,6,1.0
contextbench_verified::SWE-Bench-Verified__python__maintenance__bugfix__71f348da__0df94ff70979,ok,6032,1358,7390,6414,0,
contextbench_verified::SWE-Bench-Verified__python__maintenance__bugfix__1d90db61__1a4462d72eb0,ok,6639,2269,8908,8501,0,
contextbench_verified::SWE-Bench-Verified__python__maintenance__bugfix__e5a3bf2a__c0a24c1dc957,ok,6099,5871,11970,7631,1,1.0
contextbench_verified::SWE-Bench-Verified__python__maintenance__bugfix__3185b834__80c3854a5f4f,ok,6572,3101,9673,7061,0,
contextbench_verified::SWE-Bench-Verified__python__maintenance__bugfix__1ce4c38e__b16c7d12ccbc,ok,6377,1088,7465,6834,0,
contextbench_verified::SWE-Bench-Verified__python__maintenance__bugfix__93721db4__838e432e3e55,ok,6100,1503,7603,6949,0,
contextbench_verified::SWE-Bench-Verified__python__maintenance__bugfix__1a760e52__d26b2424437d,ok,911,832,1743,1142,0,
contextbench_verified::SWE-Bench-Verified__python__maintenance__bugfix__55a3ef80__e6588aa4e793,ok,4947,3140,8087,6228,0,
contextbench_verified::SWE-Bench-Verified__python__maintenance__bugfix__9a05fe0c__19fc6376ce67,ok,4118,1636,5754,4888,1,1.0
contextbench_verified::SWE-Bench-Verified__python__maintenance__bugfix__2d5d4dcd__1f8382d34d54,ok,3810,2722,6532,4953,1,1.0
contextbench_verified::SWE-Bench-Verified__python__maintenance__bugfix__12d848d7__21b1d239125f,ok,4753,1195,5948,5480,0,
contextbench_verified::SWE-Bench-Verified__python__maintenance__bugfix__7489fdd8__e065b293878b,ok,5444,834,6278,5616,0,
contextbench_verified::SWE-Bench-Verified__python__maintenance__bugfix__80c9776a__8dd5877f58f8,ok,5353,5177,10530,6857,0,
contextbench_verified::SWE-Bench-Verified__python__maintenance__bugfix__607f6b9e__f618e033acd3,ok,4175,462,4637,4396,0,
contextbench_verified::SWE-Bench-Verified__python__maintenance__bugfix__6f3e4cd9__350123f38c2b,ok,5930,1229,7159,6348,0,
contextbench_verified::SWE-Bench-Verified__python__maintenance__bugfix__e97ac668__b1d6b35e146a,ok,5323,1549,6872,6423,1,1.0
contextbench_verified::SWE-Bench-Verified__python__maintenance__bugfix__3e44d93a__e02f67ef2d03,ok,7160,446,7606,7425,0,
contextbench_verified::SWE-Bench-Verified__python__maintenance__bugfix__409b7811__c2678e49759e,ok,5156,5030,10186,7678,0,
contextbench_verified::SWE-Bench-Verified__python__maintenance__bugfix__bdde6d9c__89d41cba392b,ok,6017,908,6925,6394,1,0.0
contextbench_verified::SWE-Bench-Verified__python__maintenance__bugfix__81f2c925__5573a54d409b,ok,4503,2304,6807,4977,0,
contextbench_verified::SWE-Bench-Verified__python__maintenance__bugfix__dc72c033__e8fcdaad5c42,ok,5920,3055,8975,6808,0,
contextbench_verified::SWE-Bench-Verified__python__maintenance__bugfix__986c9e85__3fb7c12158a2,ok,4040,3724,7764,5083,0,
contextbench_verified::SWE-Bench-Verified__python__maintenance__bugfix__46dc77a5__69331bb851c3,ok,2976,1786,4762,3453,0,
contextbench_verified::SWE-Bench-Verified__python__maintenance__bugfix__497deb6f__335c9c94acf2,ok,4214,4160,8374,6120,4,0.5
contextbench_verified::SWE-Bench-Verified__python__maintenance__bugfix__16c72e4c__7fa1a93c6c81,ok,6878,7138,14016,7809,0,
contextbench_verified::SWE-Bench-Verified__python__maintenance__bugfix__61a7a81e__fa5e7e46d875,ok,4286,742,5028,4671,5,0.6
contextbench_verified::SWE-Bench-Verified__python__maintenance__bugfix__90f381a2__f2051eb8a7fe,ok,5241,1673,6914,5730,2,1.0
contextbench_verified::SWE-Bench-Verified__python__maintenance__bugfix__2c34be8a__22a59c01c00c,ok,2877,992,3869,3068,0,
contextbench_verified::SWE-Bench-Verified__python__maintenance__bugfix__5555e84c__f83b44075daf,ok,3622,2241,5863,4304,0,
contextbench_verified::SWE-Bench-Verified__python__maintenance__bugfix__4d207ce8__78ad4b4b0201,ok,4558,4320,8878,6531,0,
contextbench_verified::SWE-Bench-Verified__python__maintenance__bugfix__05a89a66__fbe82f82555b,ok,4719,2998,7717,5759,3,1.0
contextbench_verified::SWE-Bench-Verified__python__maintenance__bugfix__84effcbc__7af8f4127397,ok,5079,862,5941,5368,3,0.6666666666666666
contextbench_verified::SWE-Bench-Verified__python__maintenance__bugfix__abfdb2c5__156a2138db20,ok,3952,3791,7743,6037,0,
contextbench_verified::SWE-Bench-Verified__python__maintenance__bugfix__5c82134f__ece18207cbb6,ok,4307,1845,6152,5291,0,
contextbench_verified::SWE-Bench-Verified__python__maintenance__bugfix__1ae3c3bd__71ae1ab01235,ok,4375,4459,8834,5542,2,0.5
contextbench_verified::SWE-Bench-Verified__python__maintenance__bugfix__f8da42bc__2a55431a5678,ok,3104,694,3798,3475,1,0.0
contextbench_verified::SWE-Bench-Verified__python__maintenance__bugfix__ee10f0e4__6599608c4d0b,ok,5750,1075,6825,6141,3,0.3333333333333333
contextbench_verified::SWE-Bench-Verified__python__maintenance__bugfix__d2a786e2__b7da588e883e,ok,5426,551,5977,5652,1,0.0
contextbench_verified::SWE-Bench-Verified__python__maintenance__bugfix__768d44e5__7f9e4524d6b2,ok,4366,2128,6494,5537,2,1.0
contextbench_verified::SWE-Bench-Verified__python__maintenance__bugfix__c923cfa8__bef6f7584280,ok,5361,1156,6517,5687,2,1.0
contextbench_verified::SWE-Bench-Verified__python__maintenance__bugfix__c4c8d376__0c42cdf0d242,ok,5306,4595,9901,7816,4,0.25
contextbench_verified::SWE-Bench-Verified__python__maintenance__bugfix__96afaad2__d01709aae21d,ok,2477,958,3435,2763,0,
contextbench_verified::SWE-Bench-Verified__python__maintenance__bugfix__45db86cf__45814af6197c,ok,5767,650,6417,6162,0,
contextbench_verified::SWE-Bench-Verified__python__maintenance__bugfix__227490c2__5a8e8f80bb82,ok,2934,4663,7597,6406,3,0.6666666666666666
contextbench_verified::SWE-Bench-Verified__python__maintenance__bugfix__a7a5e8ed__a708f39ce67a,ok,6072,2091,8163,6736,1,0.0
contextbench_verified::SWE-Bench-Verified__python__maintenance__bugfix__01527b89__06fd4df41afb,ok,4157,1664,5821,4816,4,0.5
contextbench_verified::SWE-Bench-Verified__python__maintenance__bugfix__1ad7449c__de32fe83a2e4,ok,5720,1988,7708,6332,1,1.0
contextbench_verified::SWE-Bench-Verified__python__maintenance__bugfix__ac705f35__5e04e84d67da,ok,4678,3554,8232,5918,1,1.0
contextbench_verified::SWE-Bench-Verified__python__maintenance__bugfix__1c5aa714__8c3bd0b708b4,ok,6681,3454,10135,9439,0,
contextbench_verified::SWE-Bench-Verified__python__maintenance__bugfix__31d4fe9d__6a5ef557f80a,ok,6159,852,7011,6463,0,
contextbench_verified::SWE-Bench-Verified__python__maintenance__bugfix__0006beec__4e8121e8e42a,ok,5595,1002,6597,6275,0,
contextbench_verified::SWE-Bench-Verified__python__maintenance__bugfix__c20c3c4f__004b4620f6f4,ok,2153,397,2550,2365,0,
contextbench_verified::SWE-Bench-Verified__python__maintenance__bugfix__994d041f__d89f976bddb4,ok,4637,4320,8957,7446,2,0.5
contextbench_verified::SWE-Bench-Verified__python__maintenance__bugfix__a5ec0eec__a754b82dac51,ok,3800,2373,6173,4623,2,0.5
contextbench_verified::SWE-Bench-Verified__python__maintenance__bugfix__b10492be__e1d673c373a7,ok,4933,4937,9870,5691,2,0.5
contextbench_verified::SWE-Bench-Verified__python__maintenance__bugfix__d105d187__dd528cb2cefc,ok,4676,4460,9136,5446,1,1.0
contextbench_verified::SWE-Bench-Verified__python__maintenance__bugfix__0b74a2c7__a7e7043c8746,ok,4315,2384,6699,5222,0,
contextbench_verified::SWE-Bench-Verified__python__maintenance__bugfix__2e3d6eae__361bb8f786f1,ok,5673,3258,8931,6947,1,1.0
contextbench_verified::SWE-Bench-Verified__python__maintenance__bugfix__dded0f96__e972620ada4f,ok,6974,1799,8773,7903,1,1.0
contextbench_verified::SWE-Bench-Verified__python__maintenance__bugfix__c9656d7a__71e7c8e73712,ok,5242,4702,9944,7189,0,
contextbench_verified::SWE-Bench-Verified__python__maintenance__bugfix__fb07ed8b__770d3e6a4ce8,ok,3302,1427,4729,3804,1,0.0
contextbench_verified::SWE-Bench-Verified__python__maintenance__bugfix__6809df19__e0442a628eb4,ok,5077,4752,9829,6067,0,
contextbench_verified::SWE-Bench-Verified__python__maintenance__bugfix__f667fa43__d90e34c61b27,ok,4137,3419,7556,4756,0,
contextbench_verified::SWE-Bench-Verified__python__maintenance__bugfix__f3695f8d__9ffd4eae2ce7,ok,4103,4886,8989,6093,0,
contextbench_verified::SWE-Bench-Verified__python__maintenance__bugfix__681ea2b6__884b4c27f506,ok,5799,530,6329,6101,0,
contextbench_verified::SWE-Bench-Verified__python__maintenance__bugfix__fd8123b1__694cf458f16b,ok,5755,2092,7847,7279,0,
contextbench_verified::SWE-Bench-Verified__python__maintenance__bugfix__5c1509d5__647480166bfe,ok,3580,2498,6078,4185,3,0.3333333333333333
contextbench_verified::SWE-Bench-Verified__python__maintenance__bugfix__4e7b7c81__8c0886b068ba,ok,5817,1651,7468,6598,0,
contextbench_verified::SWE-Bench-Verified__python__maintenance__bugfix__2ab7d0fc__5eb6a2b33d70,ok,4791,2824,7615,5293,0,
contextbench_verified::SWE-Bench-Verified__python__maintenance__bugfix__60bc9e86__37c5b8c07be1,ok,5342,4573,9915,5644,0,
contextbench_verified::SWE-Bench-Verified__python__maintenance__bugfix__2ccbdc72__63884829acd2,ok,3319,1044,4363,3778,0,
contextbench_verified::SWE-Bench-Verified__python__maintenance__bugfix__183a2a5b__2480554dc4ad,ok,5649,5318,10967,7365,0,
contextbench_verified::SWE-Bench-Verified__python__maintenance__bugfix__3f745086__7e6b537f5b92,ok,3628,1094,4722,4253,0,
contextbench_verified::SWE-Bench-Verified__python__maintenance__bugfix__afcc47be__0c3981eb5094,ok,5918,1985,7903,6401,1,0.0
contextbench_verified::SWE-Bench-Verified__python__maintenance__bugfix__ebf021d0__321ecb40f4da,ok,5159,5810,10969,7194,1,1.0
contextbench_verified::SWE-Bench-Verified__python__maintenance__bugfix__4fb8fc10__6c86495bcee2,ok,6225,3226,9451,8129,0,
contextbench_verified::SWE-Bench-Verified__python__maintenance__bugfix__8f9e4358__1250483ebf73,ok,5306,1678,6984,5972,0,
contextbench_verified::SWE-Bench-Verified__python__maintenance__bugfix__1efc2b51__39f83765e12b,ok,5342,4453,9795,5644,1,1.0
contextbench_verified::SWE-Bench-Verified__python__maintenance__bugfix__6cf8c11d__bd366ca2aeff,ok,6674,2673,9347,8263,0,
contextbench_verified::SWE-Bench-Verified__python__maintenance__bugfix__914c325d__9b224579875e,ok,3745,3276,7021,5447,3,0.3333333333333333
contextbench_verified::SWE-Bench-Verified__python__maintenance__bugfix__cecff61c__0b0998dc151f,ok,3710,3245,6955,4784,4,0.75
contextbench_verified::SWE-Bench-Verified__python__maintenance__bugfix__60b000ec__f64fd47a7627,ok,4609,4561,9170,7066,0,
contextbench_verified::SWE-Bench-Verified__python__maintenance__bugfix__e2250ebc__953f29f700a6,ok,5726,1651,7377,6112,0,
contextbench_verified::SWE-Bench-Verified__python__maintenance__bugfix__4b691a35__4a72da71001f,ok,5157,1177,6334,5788,0,
contextbench_verified::SWE-Bench-Verified__python__maintenance__bugfix__02b5862c__f8fab6f90233,ok,6588,3227,9815,7307,0,
contextbench_verified::SWE-Bench-Verified__python__maintenance__bugfix__bebfd692__d65c9ca20ddf,ok,5193,4936,10129,6329,2,1.0
contextbench_verified::SWE-Bench-Verified__python__maintenance__bugfix__5d44a351__6786f437df54,ok,3725,3902,7627,6989,0,
contextbench_verified::SWE-Bench-Verified__python__maintenance__bugfix__34e61891__a0d2e399729d,ok,5863,764,6627,6291,0,
contextbench_verified::SWE-Bench-Verified__python__maintenance__bugfix__42ae5e9f__a2a1b0a11b99,ok,6598,1326,7924,7162,0,
contextbench_verified::SWE-Bench-Verified__python__maintenance__bugfix__35f76ab1__c6c7ec1978c2,ok,5493,1153,6646,6107,0,
contextbench_verified::SWE-Bench-Verified__python__maintenance__bugfix__9c470c46__a7b7260bf06c,ok,4710,2889,7599,6233,0,
contextbench_verified::SWE-Bench-Verified__python__maintenance__bugfix__67699b64__3eadeacc06c9,ok,4575,4287,8862,7684,3,0.3333333333333333
contextbench_verified::SWE-Bench-Verified__python__maintenance__bugfix__7ccc36b7__97fc1154992f,ok,6119,1148,7267,6605,0,
contextbench_verified::SWE-Bench-Verified__python__maintenance__bugfix__a14d0e2e__8f0003ae9029,ok,4572,3024,7596,6372,0,
contextbench_verified::SWE-Bench-Verified__python__maintenance__bugfix__2d984316__9d22ab09d52d,ok,4909,5030,9939,6445,0,
contextbench_verified::SWE-Bench-Verified__python__maintenance__bugfix__a571e81e__5ec2bd279729,ok,6785,3270,10055,7317,0,
contextbench_verified::SWE-Bench-Verified__python__maintenance__bugfix__a8414dbd__430fb1db8884,ok,4042,709,4751,4522,1,0.0
contextbench_verified::SWE-Bench-Verified__python__maintenance__bugfix__09457b9b__66ba515e6716,ok,4631,1074,5705,5330,2,0.0
contextbench_verified::SWE-Bench-Verified__python__maintenance__bugfix__ce7f17a5__7fdf772201e4,ok,4170,2020,6190,5195,0,
contextbench_verified::SWE-Bench-Verified__python__maintenance__bugfix__67bcb30f__5ca694b38d86,ok,6745,4710,11455,7214,0,
contextbench_verified::SWE-Bench-Verified__python__maintenance__bugfix__3146e19b__f0f133943d3e,ok,4839,3525,8364,5930,2,0.5
contextbench_verified::SWE-Bench-Verified__python__maintenance__bugfix__497d4650__2aee6ccd7c7e,ok,3794,1550,5344,4890,1,0.0
contextbench_verified::SWE-Bench-Verified__python__maintenance__bugfix__2e76c8cd__7ee9ceb71e86,ok,3025,1969,4994,3705,0,
contextbench_verified::SWE-Bench-Verified__python__maintenance__bugfix__88e1ffd3__22623bd8c265,ok,5566,601,6167,5721,0,
contextbench_verified::SWE-Bench-Verified__python__maintenance__bugfix__e989ba2d__0192aac24123,ok,5678,5317,10995,9259,2,1.0
contextbench_verified::SWE-Bench-Verified__python__maintenance__bugfix__42c77239__7c4e2ac83f7b,ok,4505,4957,9462,6108,1,0.0
contextbench_verified::SWE-Bench-Verified__python__maintenance__bugfix__90532e38__19b088636eb7,ok,5871,1203,7074,6042,1,1.0
contextbench_verified::SWE-Bench-Verified__python__maintenance__bugfix__ec975b6c__51ef2a66c4e0,ok,6945,466,7411,7276,3,0.6666666666666666
contextbench_verified::SWE-Bench-Verified__python__maintenance__bugfix__20eb5bc8__37522e991a32,ok,5919,1287,7206,6334,0,
contextbench_verified::SWE-Bench-Verified__python__maintenance__bugfix__4f685b8e__851dadeb0338,ok,5879,1960,7839,6644,1,1.0
contextbench_verified::SWE-Bench-Verified__python__maintenance__bugfix__d3bf673c__6bb2b855498b,ok,4885,2038,6923,6552,2,0.5
contextbench_verified::SWE-Bench-Verified__python__maintenance__bugfix__220feee3__cc183652bf6e,ok,4965,4098,9063,6554,2,0.0
contextbench_verified::SWE-Bench-Verified__python__maintenance__bugfix__cb2c6ff3__51d37d1be955,ok,5944,6108,12052,8702,2,0.0
contextbench_verified::SWE-Bench-Verified__python__maintenance__bugfix__1409977d__1e55ae64624d,ok,4966,4810,9776,6924,1,0.0
contextbench_verified::SWE-Bench-Verified__python__maintenance__bugfix__da598baa__1f8c4d9eb185,ok,6025,1454,7479,6334,0,
contextbench_verified::SWE-Bench-Verified__python__maintenance__bugfix__abb9b8b0__da9a2b584eb7,ok,6317,2211,8528,7953,0,
contextbench_verified::SWE-Bench-Verified__python__maintenance__bugfix__e5236b5f__3c1534944cbd,ok,5920,1490,7410,6466,0,
contextbench_verified::SWE-Bench-Verified__python__maintenance__bugfix__c2f0f2be__5e7f1ab4bf58,ok,5957,873,6830,6189,2,0.0
contextbench_verified::SWE-Bench-Verified__python__maintenance__bugfix__982277e4__19ad5889353c,ok,4995,950,5945,5279,0,
contextbench_verified::SWE-Bench-Verified__python__maintenance__bugfix__0eecae1e__e6e300e729dd,ok,4063,1443,5506,4366,0,
contextbench_verified::SWE-Bench-Verified__python__maintenance__bugfix__4f130690__97523985b39e,ok,6550,2440,8990,8026,0,
contextbench_verified::SWE-Bench-Verified__python__maintenance__bugfix__5900c195__553b5fb8f84b,ok,2527,3466,5993,3473,1,1.0
contextbench_verified::SWE-Bench-Verified__python__maintenance__bugfix__bdec299d__1c8668b0a021,ok,5159,5474,10633,8009,1,1.0
contextbench_verified::SWE-Bench-Verified__python__maintenance__bugfix__3d378646__3d997697fdd1,ok,6628,714,7342,7008,0,
contextbench_verified::SWE-Bench-Verified__python__maintenance__bugfix__51f3cc91__fdbaa58acbea,ok,6329,6191,12520,7559,0,
contextbench_verified::SWE-Bench-Verified__python__maintenance__bugfix__8971eeba__06632c0d1851,ok,6752,745,7497,6875,0,
contextbench_verified::SWE-Bench-Verified__python__maintenance__bugfix__4f88ede2__af8a6e592a1a,ok,5338,1117,6455,5818,0,
contextbench_verified::SWE-Bench-Verified__python__maintenance__bugfix__27320d49__f7eea9780970,ok,6148,5170,11318,7543,1,1.0
contextbench_verified::SWE-Bench-Verified__python__maintenance__bugfix__ec6fdd6e__2c867b8f822e,ok,6470,5713,12183,9760,2,0.5
contextbench_verified::SWE-Bench-Verified__python__maintenance__bugfix__b91692e0__e3d1f9ac39e4,ok,6679,3239,9918,8906,0,
contextbench_verified::SWE-Bench-Verified__python__maintenance__bugfix__07bafddd__586f4318ffcd,ok,5996,3784,9780,7089,0,
contextbench_verified::SWE-Bench-Verified__python__maintenance__bugfix__42a80be0__3eacf948e0f9,ok,5451,3004,8455,6114,0,
contextbench_verified::SWE-Bench-Verified__python__maintenance__bugfix__765e5e14__36367765fe78,ok,4078,1616,5694,4389,0,
contextbench_verified::SWE-Bench-Verified__python__maintenance__bugfix__28ed0b77__ac2b7599d212,ok,5276,4869,10145,7871,3,1.0
contextbench_verified::SWE-Bench-Verified__python__maintenance__bugfix__7afb30f5__71db08c05197,ok,5571,1730,7301,6331,0,
contextbench_verified::SWE-Bench-Verified__python__maintenance__bugfix__b5cec962__b3e26a6c8511,ok,5380,5635,11015,6760,0,
contextbench_verified::SWE-Bench-Verified__python__maintenance__bugfix__59acbd9a__27ac10de0469,ok,5319,5474,10793,7462,0,
contextbench_verified::SWE-Bench-Verified__python__maintenance__bugfix__d0723f55__795747bdb6b8,ok,4548,3202,7750,5482,2,1.0
contextbench_verified::SWE-Bench-Verified__python__maintenance__bugfix__83fd3b37__b428cd240467,ok,5226,1054,6280,5675,1,0.0
contextbench_verified::SWE-Bench-Verified__python__maintenance__bugfix__0f3c174a__4b452338f914,ok,5167,933,6100,5360,0,
contextbench_verified::SWE-Bench-Verified__python__maintenance__bugfix__9dcac3ec__6918e6960081,ok,5908,1064,6972,6246,0,
contextbench_verified::SWE-Bench-Verified__python__maintenance__bugfix__30065f19__939c7bb7ff7c,ok,4794,3350,8144,5463,0,
contextbench_verified::SWE-Bench-Verified__python__maintenance__bugfix__8c647f3a__6c38f68dae22,ok,5078,4986,10064,6873,0,
contextbench_verified::SWE-Bench-Verified__python__maintenance__bugfix__7db465d6__f050a7775dfc,ok,5525,2055,7580,6080,0,
contextbench_verified::SWE-Bench-Verified__python__maintenance__bugfix__7ec77e9c__d7c304511569,ok,4517,1014,5531,4978,0,
contextbench_verified::SWE-Bench-Verified__python__maintenance__bugfix__51e329de__479939f8c65c,ok,3765,868,4633,4067,3,0.0
contextbench_verified::SWE-Bench-Verified__python__maintenance__bugfix__bc1c666f__aa9780761ad8,ok,6634,6612,13246,7876,0,
contextbench_verified::SWE-Bench-Verified__python__maintenance__bugfix__9ea965a5__30379ea6e225,ok,5699,1364,7063,6152,0,
contextbench_verified::SWE-Bench-Verified__python__maintenance__bugfix__e09a2d75__9476425b9e34,ok,6599,1354,7953,6924,1,0.0
contextbench_verified::SWE-Bench-Verified__python__maintenance__bugfix__186c0af4__50d8a102f073,ok,4196,1767,5963,4918,0,
contextbench_verified::SWE-Bench-Verified__python__maintenance__bugfix__8d1c297a__67e3c956083d,ok,3581,2952,6533,4360,0,
contextbench_verified::SWE-Bench-Verified__python__maintenance__bugfix__3b4c72f1__c935e1d10674,ok,3425,2909,6334,4550,3,0.0
contextbench_verified::SWE-Bench-Verified__python__maintenance__bugfix__bc999af3__165971200181,ok,6290,4342,10632,9377,0,
contextbench_verified::SWE-Bench-Verified__python__maintenance__bugfix__7439767b__9cbea134220b,ok,4892,2267,7159,5483,2,0.5
contextbench_verified::SWE-Bench-Verified__python__maintenance__bugfix__9b321036__6810dee42694,ok,5960,2000,7960,6975,0,
contextbench_verified::SWE-Bench-Verified__python__maintenance__bugfix__c4bcf730__701441853569,ok,5169,1781,6950,5804,1,1.0
contextbench_verified::SWE-Bench-Verified__python__maintenance__bugfix__83a70168__6fd65310fa31,ok,6575,5948,12523,7457,1,1.0
contextbench_verified::SWE-Bench-Verified__python__maintenance__bugfix__20294df2__c50643a49811,ok,7213,6559,13772,12214,0,
contextbench_verified::SWE-Bench-Verified__python__maintenance__bugfix__13b74fcf__d4e0231b0814,ok,5394,2386,7780,6303,0,
contextbench_verified::SWE-Bench-Verified__python__maintenance__bugfix__d561b333__6f54459aa024,ok,5345,3736,9081,6882,0,
contextbench_verified::SWE-Bench-Verified__python__maintenance__bugfix__d3576321__c0e85160406f,ok,3441,1200,4641,3620,4,0.25
contextbench_verified::SWE-Bench-Verified__python__maintenance__bugfix__4d321c4a__cffd4e0f86fe,ok,2570,4028,6598,5788,2,1.0
contextbench_verified::SWE-Bench-Verified__python__maintenance__bugfix__3d43f489__e11d3fed7821,ok,3398,3306,6704,4625,0,
contextbench_verified::SWE-Bench-Verified__python__maintenance__bugfix__58d0e27a__b4777fdcef46,ok,3943,4911,8854,6213,0,
contextbench_verified::SWE-Bench-Verified__python__maintenance__bugfix__91e36e16__d9b18c518d64,ok,5866,3324,9190,6202,0,
contextbench_verified::SWE-Bench-Verified__python__maintenance__bugfix__15e5aaa3__de446c6d85f6,ok,3476,2431,5907,4584,0,
contextbench_verified::SWE-Bench-Verified__python__maintenance__bugfix__af69d880__3f8c8c2377cb,ok,3918,4417,8335,6488,1,1.0
contextbench_verified::SWE-Bench-Verified__python__maintenance__bugfix__a375715a__a3475b3f9ac6,ok,4270,1942,6212,4601,0,
contextbench_verified::SWE-Bench-Verified__python__maintenance__bugfix__074f37ac__3ff4717b6aef,ok,5545,2175,7720,6187,0,
contextbench_verified::SWE-Bench-Verified__python__maintenance__bugfix__726ccefd__c4e836cdf73f,ok,7872,6674,14546,14546,3,0.6666666666666666
contextbench_verified::SWE-Bench-Verified__python__maintenance__bugfix__1eaeabf4__fdc707f73a65,ok,4236,1479,5715,4663,0,
contextbench_verified::SWE-Bench-Verified__python__maintenance__bugfix__ac127191__10de1a18a0ef,ok,2479,4647,7126,6157,4,0.5
contextbench_verified::SWE-Bench-Verified__python__maintenance__bugfix__3c7d37b7__39de9a2698ad,ok,7072,4367,11439,7576,0,
contextbench_verified::SWE-Bench-Pro__javascript__maintenance__bugfix__4eb0e647__1e137b07052b,ok,6045,5750,11795,6385,5,0.2
contextbench_verified::SWE-Bench-Pro__python__maintenance__bugfix__71253eae__487f90443cd1,ok,7258,7282,14540,7389,2,0.0
contextbench_verified::SWE-Bench-Pro__python__maintenance__bugfix__53ca6a30__9d9f3a199838,ok,5753,5777,11530,6537,2,1.0
contextbench_verified::SWE-Bench-Pro__javascript__maintenance__bugfix__39a9746b__f97cef80aed8,ok,5015,4672,9687,6151,2,0.5
contextbench_verified::SWE-Bench-Pro__javascript__maintenance__bugfix__09eb0d6d__7800016f2f1b,ok,5523,4409,9932,6711,2,0.5
contextbench_verified::SWE-Bench-Pro__python__maintenance__bugfix__7c4a11fb__9b0d2decb24b,ok,5038,1944,6982,5604,3,0.6666666666666666
contextbench_verified::SWE-Bench-Pro__go__maintenance__bugfix__40a717e5__266e5e143e87,ok,5179,4491,9670,6734,6,0.5
contextbench_verified::SWE-Bench-Pro__python__maintenance__bugfix__739b23db__252685092cac,ok,5458,5823,11281,9015,0,
contextbench_verified::SWE-Bench-Pro__python__maintenance__bugfix__64fffdfa__8e08f046aeff,ok,6271,6469,12740,6903,2,0.0
contextbench_verified::SWE-Bench-Pro__javascript__maintenance__bugfix__ac8400d9__140f9d2481f7,ok,3264,3333,6597,4573,6,0.16666666666666666
contextbench_verified::SWE-Bench-Pro__python__maintenance__bugfix__9c878ad5__016b7f71b105,ok,6312,2546,8858,6950,0,
contextbench_verified::SWE-Bench-Pro__go__maintenance__bugfix__6efcf999__91cc1b9fc382,ok,6428,6447,12875,7178,5,0.0
contextbench_verified::SWE-Bench-Pro__python__maintenance__bugfix__cf01f471__7fff40865236,ok,5103,1735,6838,5476,3,0.6666666666666666
contextbench_verified::SWE-Bench-Pro__python__maintenance__bugfix__18d7bbbc__e094d48b1bdd,ok,6039,6737,12776,7629,4,0.0
contextbench_verified::SWE-Bench-Pro__python__maintenance__bugfix__20f502e0__6e7bb038fdab,ok,6769,5876,12645,8848,3,0.0
contextbench_verified::SWE-Bench-Pro__go__maintenance__bugfix__720b4d92__43b46cb324f6,ok,5235,5408,10643,7659,2,0.5
contextbench_verified::SWE-Bench-Pro__go__maintenance__bugfix__d3c56cc5__128b626ec933,ok,6075,3930,10005,6568,7,0.2857142857142857
contextbench_verified::SWE-Bench-Pro__python__maintenance__bugfix__5b2cf9bb__a6e671db2538,ok,7235,4497,11732,8080,0,
contextbench_verified::SWE-Bench-Pro__python__maintenance__bugfix__b9f9961f__375d3889de9f,ok,6543,6506,13049,8420,5,0.0
contextbench_verified::SWE-Bench-Pro__python__maintenance__bugfix__84fdadf0__173325329733,ok,6548,6340,12888,7464,0,
contextbench_verified::SWE-Bench-Pro__python__maintenance__bugfix__e2b70931__a5a13246ce02,ok,5539,5480,11019,7072,7,0.5714285714285714
contextbench_verified::SWE-Bench-Pro__python__maintenance__bugfix__2464eadb__db2d5b09eff9,ok,2545,2545,5090,3137,0,
contextbench_verified::SWE-Bench-Pro__python__maintenance__bugfix__c1f435de__a6171337f956,ok,6182,6766,12948,7198,2,0.0
contextbench_verified::SWE-Bench-Pro__javascript__maintenance__bugfix__7b6185af__a2ebf53b6098,ok,3642,3457,7099,4762,6,0.3333333333333333
contextbench_verified::SWE-Bench-Pro__python__maintenance__bugfix__64469377__b6360dc5e068,ok,6675,6424,13099,7770,3,0.0
contextbench_verified::SWE-Bench-Pro__python__maintenance__bugfix__607fc4ff__e9e9d8be33f0,ok,6679,5878,12557,7407,2,0.0
contextbench_verified::SWE-Bench-Pro__python__maintenance__bugfix__4c132bfd__bddb9a7490b5,ok,6398,6474,12872,9513,0,
contextbench_verified::SWE-Bench-Pro__python__maintenance__bugfix__d9d9c3a6__80f511d3344a,ok,4479,5037,9516,6578,7,0.14285714285714285
contextbench_verified::SWE-Bench-Pro__python__maintenance__bugfix__450d75e0__35809806d3ab,ok,6077,2262,8339,6886,2,1.0
contextbench_verified::SWE-Bench-Pro__go__maintenance__bugfix__997c7afd__e432032cf2d1,ok,6594,5479,12073,7680,0,
contextbench_verified::SWE-Bench-Pro__python__maintenance__bugfix__7c2efe8a__77c16d530b4d,ok,4865,4179,9044,5883,1,1.0
contextbench_verified::SWE-Bench-Pro__python__maintenance__bugfix__512d556b__662d34b9a7a1,ok,7013,6462,13475,9472,0,
contextbench_verified::SWE-Bench-Pro__go__maintenance__bugfix__4df06349__537e2fc033b7,ok,6277,4239,10516,7367,0,
contextbench_verified::SWE-Bench-Pro__python__maintenance__bugfix__31f13b61__3684b4824d36,ok,6272,5506,11778,7621,2,0.5
contextbench_verified::SWE-Bench-Pro__python__maintenance__bugfix__1cae51cc__6382ea168a93,ok,6158,6182,12340,7738,5,0.0
contextbench_verified::SWE-Bench-Pro__python__maintenance__bugfix__36b8c9ee__6c653125d95a,ok,3910,4483,8393,5196,5,0.4
contextbench_verified::SWE-Bench-Pro__python__maintenance__bugfix__62badbbf__38067860e271,ok,5666,3321,8987,6676,0,
contextbench_verified::SWE-Bench-Pro__python__maintenance__bugfix__81c5c6fa__34099a36bcd3,ok,6021,2800,8821,6340,3,1.0
contextbench_verified::SWE-Bench-Pro__python__maintenance__bugfix__0c4f8d13__1503805b7037,ok,6754,6700,13454,8487,3,1.0
contextbench_verified::SWE-Bench-Pro__python__maintenance__bugfix__5ec14acf__20ec92728004,ok,4107,3849,7956,5233,2,0.5
contextbench_verified::SWE-Bench-Pro__python__maintenance__bugfix__07bb383a__e889b1063f60,ok,4794,5104,9898,7964,0,
contextbench_verified::SWE-Bench-Pro__python__maintenance__bugfix__6ebb54dc__6d34eb88d95c,ok,6690,6504,13194,8507,0,
contextbench_verified::SWE-Bench-Pro__python__maintenance__bugfix__942d0b14__8a175f59c939,ok,5921,5476,11397,7436,3,0.0
contextbench_verified::SWE-Bench-Pro__python__maintenance__bugfix__ab946da6__73e4b70aa3ad,ok,4290,4438,8728,5712,5,0.4
contextbench_verified::SWE-Bench-Pro__python__maintenance__bugfix__89932d58__0e624e64695e,ok,5046,3923,8969,5948,0,
contextbench_verified::SWE-Bench-Pro__python__maintenance__bugfix__fcb506a5__a6145ca7f357,ok,5673,5400,11073,5956,6,0.0
contextbench_verified::SWE-Bench-Pro__python__maintenance__bugfix__462b957d__dd44449b6ec4,ok,6881,6673,13554,9843,0,
contextbench_verified::SWE-Bench-Pro__python__maintenance__bugfix__5fdd12f6__f4502a8f1ce7,ok,6757,4158,10915,8516,2,0.5
contextbench_verified::SWE-Bench-Pro__javascript__maintenance__bugfix__593287ea__ad9cbe939948,ok,4530,3590,8120,5280,6,0.16666666666666666
contextbench_verified::SWE-Bench-Pro__python__maintenance__bugfix__95b4abc1__daf93507208f,ok,5991,5399,11390,7134,1,1.0
contextbench_verified::SWE-Bench-Pro__javascript__maintenance__bugfix__e31ec45c__f0d989e4ba5b,ok,4512,2077,6589,5233,5,0.0
contextbench_verified::SWE-Bench-Pro__python__maintenance__bugfix__1bb5c0b0__bf98f031f3f5,ok,5520,6667,12187,8023,1,0.0
contextbench_verified::SWE-Bench-Pro__javascript__maintenance__bugfix__5c001746__c9d9c421bc7e,ok,6665,5190,11855,7872,6,0.16666666666666666
contextbench_verified::SWE-Bench-Pro__python__maintenance__bugfix__e6efdd87__96c19724394a,ok,5444,4060,9504,6562,7,0.14285714285714285
contextbench_verified::SWE-PolyBench__javascript__maintenance__bugfix__1ad00901__4012414fa733,ok,1592,1663,3255,2145,0,
contextbench_verified::SWE-PolyBench__javascript__maintenance__bugfix__9d623e73__5c4905a595ec,ok,5108,1977,7085,5216,3,0.6666666666666666
contextbench_verified::SWE-PolyBench__javascript__maintenance__bugfix__e21304a6__1dad8f1936c5,ok,3795,967,4762,4190,1,1.0
contextbench_verified::SWE-PolyBench__javascript__maintenance__bugfix__d3babcfe__dc4fdcf77e61,ok,3736,742,4478,4364,4,1.0
contextbench_verified::SWE-PolyBench__javascript__maintenance__bugfix__78039f77__b4ade9d4b2e3,ok,1711,922,2633,2000,3,0.6666666666666666
contextbench_verified::SWE-PolyBench__javascript__maintenance__bugfix__d1cb6b19__ff2a21e63ad2,ok,4861,727,5588,5408,4,1.0
contextbench_verified::SWE-PolyBench__javascript__maintenance__bugfix__eb1411ba__ea88317f84ad,ok,4621,1961,6582,5288,5,0.4
contextbench_verified::SWE-PolyBench__javascript__maintenance__bugfix__b9ce6a70__f341befacb92,ok,5470,2504,7974,6079,0,
contextbench_verified::SWE-PolyBench__javascript__maintenance__bugfix__c6d3e230__b99ee7d5d177,ok,4345,713,5058,4733,2,1.0
contextbench_verified::SWE-PolyBench__javascript__maintenance__bugfix__11e78a8d__dbf503b9e1ed,ok,5201,1291,6492,6004,4,0.75
contextbench_verified::SWE-PolyBench__javascript__maintenance__bugfix__9ca0e415__4f26363fe0af,ok,4393,485,4878,4718,5,0.4
contextbench_verified::SWE-PolyBench__javascript__maintenance__bugfix__8cc426dd__64c56eddcd76,ok,4036,3091,7127,4701,3,0.6666666666666666
contextbench_verified::SWE-PolyBench__javascript__maintenance__bugfix__7e3e2bb9__565931dff957,ok,5913,903,6816,6364,4,0.25
contextbench_verified::SWE-PolyBench__javascript__maintenance__bugfix__63513ada__8d7d0ff7dd7b,ok,4612,4045,8657,7595,3,0.3333333333333333
contextbench_verified::SWE-PolyBench__javascript__maintenance__bugfix__c26fd1ab__39bbac4393d2,ok,4998,3963,8961,8434,4,0.25
contextbench_verified::SWE-PolyBench__javascript__maintenance__bugfix__e647c8ce__e4460e38ba58,ok,4710,4051,8761,8103,4,0.5
contextbench_verified::SWE-PolyBench__javascript__maintenance__bugfix__27e1903f__8180c5dd6c62,ok,5049,1910,6959,5376,0,
contextbench_verified::SWE-PolyBench__javascript__maintenance__bugfix__1e29a469__b662c7fd41b3,ok,3927,1993,5920,4961,2,1.0
contextbench_verified::SWE-PolyBench__javascript__maintenance__bugfix__108b2d38__6905b39ec7bc,ok,4464,2101,6565,5161,3,1.0
contextbench_verified::SWE-PolyBench__javascript__maintenance__bugfix__9b08d665__3147244f55e6,ok,5607,4307,9914,6488,2,0.0
contextbench_verified::SWE-PolyBench__javascript__maintenance__bugfix__21086305__c8133f8afabb,ok,2048,1200,3248,2465,3,0.3333333333333333
contextbench_verified::SWE-PolyBench__javascript__maintenance__bugfix__3b6e6f3a__19545e049ea4,ok,4669,1616,6285,5761,2,0.5
contextbench_verified::SWE-PolyBench__javascript__maintenance__bugfix__c017c9ba__affa24ce764b,ok,5145,3232,8377,6079,6,0.16666666666666666
contextbench_verified::SWE-PolyBench__javascript__maintenance__bugfix__463d4713__bef646d4a4d2,ok,5513,3646,9159,6022,3,0.6666666666666666
contextbench_verified::SWE-PolyBench__javascript__maintenance__bugfix__2d7a3934__d1c97b362219,ok,4529,2566,7095,5034,2,0.0
contextbench_verified::SWE-PolyBench__javascript__maintenance__bugfix__d6eb75d7__6e68f7495fba,ok,3175,816,3991,3507,3,1.0
contextbench_verified::SWE-PolyBench__javascript__maintenance__bugfix__10ab7842__237e6f44bc75,ok,3454,2533,5987,4104,1,1.0
contextbench_verified::SWE-PolyBench__javascript__maintenance__bugfix__59dd675b__8518000d4fbf,ok,1485,438,1923,1826,7,0.42857142857142855
contextbench_verified::SWE-PolyBench__javascript__maintenance__bugfix__0f1fd789__8c53de83bf62,ok,2914,1620,4534,3806,0,
contextbench_verified::SWE-PolyBench__javascript__maintenance__bugfix__a65e43ee__fa4ef1159a36,ok,2870,1215,4085,3538,0,
contextbench_verified::SWE-PolyBench__javascript__maintenance__bugfix__f4541fb1__fea269947104,ok,3198,5541,8739,7357,4,0.75
contextbench_verified::SWE-PolyBench__javascript__maintenance__bugfix__9c9b931e__5a3e0c2bcaff,ok,1718,2309,4027,2799,8,0.25
contextbench_verified::SWE-PolyBench__javascript__maintenance__bugfix__4d090fc6__5d4003dbad6f,ok,4963,996,5959,5364,4,0.25
contextbench_verified::SWE-PolyBench__typescript__maintenance__bugfix__7d106697__cf4b5a703f58,ok,6460,1442,7902,7240,0,
contextbench_verified::SWE-PolyBench__typescript__maintenance__bugfix__708894b2__8c76afad6ccf,ok,5407,3291,8698,6744,0,
contextbench_verified::SWE-PolyBench__typescript__maintenance__bugfix__4f3cb6be__a993ada9300a,ok,5478,3286,8764,7585,1,1.0
contextbench_verified::SWE-PolyBench__typescript__maintenance__bugfix__22615f27__1a599e2d1792,ok,3614,858,4472,4121,0,
contextbench_verified::SWE-PolyBench__typescript__maintenance__bugfix__16d1ff7a__88ffbc7a7a81,ok,3930,2016,5946,4543,0,
contextbench_verified::SWE-PolyBench__typescript__maintenance__bugfix__48468065__440e61ffab2b,ok,6265,1416,7681,7180,0,
contextbench_verified::SWE-PolyBench__typescript__maintenance__bugfix__2487b02a__384b03f26310,ok,4920,980,5900,5524,0,
contextbench_verified::SWE-PolyBench__typescript__maintenance__bugfix__2bb4ea7a__04fae47c2a87,ok,6144,1566,7710,6546,0,
contextbench_verified::SWE-PolyBench__typescript__evolution__feature__684a3415__09896d42e620,ok,5679,2515,8194,6202,0,
contextbench_verified::SWE-PolyBench__typescript__evolution__feature__07098661__18aa6293ad8b,ok,5455,1978,7433,5960,0,
contextbench_verified::SWE-PolyBench__typescript__evolution__feature__c2e9e5ff__20cd3e33ae60,ok,5879,3332,9211,6936,0,
contextbench_verified::SWE-PolyBench__typescript__maintenance__bugfix__6da325be__550e949bab55,ok,2237,796,3033,2631,0,
contextbench_verified::SWE-PolyBench__typescript__maintenance__bugfix__18d389e5__13ac4ce9239e,ok,2394,448,2842,2765,1,0.0
contextbench_verified::SWE-PolyBench__typescript__maintenance__bugfix__0307e40c__6ef44f1cf8fd,ok,4177,634,4811,4512,1,1.0
contextbench_verified::SWE-PolyBench__typescript__maintenance__bugfix__2d1b4a72__13b3a0d31947,ok,5181,2178,7359,5648,0,
contextbench_verified::SWE-PolyBench__typescript__maintenance__bugfix__52180d42__b29c294f55f0,ok,2991,783,3774,3274,0,
contextbench_verified::SWE-PolyBench__typescript__maintenance__bugfix__1de1bd3c__dfe2779b8b64,ok,2431,1090,3521,2961,0,
contextbench_verified::SWE-PolyBench__typescript__maintenance__bugfix__6659fd5a__e1705939cb75,ok,3510,2336,5846,4280,0,
contextbench_verified::SWE-PolyBench__typescript__maintenance__bugfix__27393dd8__c99bd0dbbfdc,ok,3735,724,4459,4226,0,
contextbench_verified::SWE-PolyBench__typescript__maintenance__bugfix__7dfdbbd1__436e461dfd36,ok,3929,3500,7429,4278,0,
contextbench_verified::SWE-PolyBench__typescript__maintenance__bugfix__2bfb742a__5a794bd4974b,ok,4082,2756,6838,4323,0,
contextbench_verified::SWE-PolyBench__typescript__maintenance__bugfix__48e5846a__56520e757e00,ok,4433,4401,8834,4439,0,
contextbench_verified::SWE-PolyBench__typescript__maintenance__bugfix__7827bc22__5a983eadb806,ok,4240,1615,5855,5020,0,
contextbench_verified::SWE-PolyBench__typescript__evolution__feature__34826a6a__567e6cf97dce,ok,4056,2631,6687,4877,0,
contextbench_verified::SWE-PolyBench__typescript__maintenance__bugfix__678fa217__f588d8fdf63b,ok,4501,1199,5700,4555,0,
contextbench_verified::SWE-PolyBench__typescript__evolution__feature__d520ba22__182d4dc7726f,ok,5341,4303,9644,5856,0,
contextbench_verified::SWE-PolyBench__typescript__maintenance__bugfix__3864c137__d11ef0f82f1e,ok,6439,6639,13078,7290,0,
contextbench_verified::SWE-PolyBench__typescript__maintenance__bugfix__15589352__1e09429e1804,ok,6100,1895,7995,6629,1,1.0
contextbench_verified::SWE-PolyBench__typescript__maintenance__bugfix__6688f2d9__b8a28e13dc08,ok,1423,856,2279,1566,0,
contextbench_verified::SWE-PolyBench__typescript__evolution__feature__41cd3842__78658f1cf48a,ok,6216,3345,9561,6827,0,
contextbench_verified::SWE-PolyBench__typescript__maintenance__bugfix__42165c4e__5d3c9edce436,ok,6749,1714,8463,7095,2,1.0
contextbench_verified::SWE-PolyBench__python__maintenance__bugfix__ed58622a__9150f32f8b86,ok,4959,1445,6404,5225,0,
contextbench_verified::SWE-PolyBench__python__maintenance__bugfix__faa6b3ac__f8208fa45603,ok,5638,4778,10416,7986,0,
contextbench_verified::SWE-PolyBench__python__maintenance__bugfix__9a72b241__ca2d0f98c4a8,ok,5971,1842,7813,6445,1,0.0
contextbench_verified::SWE-PolyBench__python__maintenance__bugfix__5188c6bc__dafa296c952c,ok,3842,1583,5425,4222,0,
contextbench_verified::SWE-PolyBench__python__maintenance__bugfix__214ce29d__4cbd50e611e5,ok,5872,4307,10179,7456,0,
contextbench_verified::SWE-PolyBench__python__maintenance__bugfix__2f88019c__cdfa56afe02c,ok,5771,5895,11666,7464,0,
contextbench_verified::SWE-PolyBench__python__maintenance__bugfix__dbd7cde5__75b8990d9068,ok,876,2902,3778,3661,0,
contextbench_verified::SWE-PolyBench__python__maintenance__bugfix__453fb844__8e908c8c74f5,ok,7015,3966,10981,8655,0,
contextbench_verified::SWE-PolyBench__python__maintenance__bugfix__5518cb7f__3a8de58c5192,ok,4423,2972,7395,5873,1,0.0
contextbench_verified::SWE-PolyBench__python__evolution__feature__8bb50331__408b2d2bd08f,ok,5954,5530,11484,6291,1,1.0
contextbench_verified::SWE-PolyBench__python__maintenance__bugfix__e3c9c53c__c4f7eb124b21,ok,716,1793,2509,2179,0,
contextbench_verified::SWE-PolyBench__python__evolution__feature__4a329645__8481ecefbd7e,ok,5654,1835,7489,5949,1,1.0
contextbench_verified::SWE-PolyBench__python__maintenance__bugfix__5acd9675__d35e0c62477d,ok,3710,1075,4785,3959,1,0.0
contextbench_verified::SWE-PolyBench__python__maintenance__bugfix__9ff56151__d76d2a2af7ba,ok,4558,4866,9424,6270,1,0.0
contextbench_verified::SWE-PolyBench__python__evolution__feature__17a093c8__3d320c78c323,ok,6469,2654,9123,6848,4,0.25
contextbench_verified::SWE-PolyBench__python__evolution__feature__ebb79d55__fda125638f53,ok,6147,5531,11678,7299,0,
contextbench_verified::SWE-PolyBench__python__evolution__feature__b4302840__99ba36e72fe7,ok,6436,3587,10023,6739,0,
contextbench_verified::SWE-PolyBench__python__maintenance__bugfix__91e6ed53__0bb17295f04e,ok,5871,5195,11066,9810,0,
contextbench_verified::SWE-PolyBench__python__maintenance__bugfix__ac5893a5__cd73b9a8c140,ok,4476,3248,7724,6143,0,
contextbench_verified::SWE-PolyBench__python__maintenance__bugfix__016ce55c__1e1cb6f8e5af,ok,1828,3206,5034,4168,4,0.25
contextbench_verified::SWE-PolyBench__python__evolution__feature__c0e4893c__b61d5b47f640,ok,4592,5399,9991,7350,1,0.0
contextbench_verified::SWE-PolyBench__python__maintenance__bugfix__6ef81275__78b7debf56ef,ok,5187,3782,8969,6732,1,1.0
contextbench_verified::SWE-PolyBench__python__maintenance__bugfix__14ce2fa9__9088fcae82f4,ok,4601,5960,10561,7703,0,
contextbench_verified::SWE-PolyBench__python__maintenance__bugfix__3bb9721e__de9255de27ab,ok,6800,1230,8030,7202,1,0.0
contextbench_verified::SWE-PolyBench__python__maintenance__bugfix__84e0afe2__d7389cd20168,ok,6597,4136,10733,7451,0,
contextbench_verified::SWE-PolyBench__python__maintenance__bugfix__2b00c0d1__d7cb5e138ec1,ok,5512,5118,10630,7398,1,0.0
contextbench_verified::SWE-PolyBench__python__evolution__feature__7fe6d907__3cefac1d974d,ok,6702,4813,11515,8782,3,0.3333333333333333
contextbench_verified::SWE-PolyBench__python__maintenance__bugfix__023915d6__45b70384a7d6,ok,1319,1640,2959,1993,2,0.0
contextbench_verified::SWE-PolyBench__python__maintenance__bugfix__158909b8__43ee58588be4,ok,4956,3696,8652,5991,0,
contextbench_verified::SWE-PolyBench__python__evolution__feature__674464fb__edb170238feb,ok,5716,4022,9738,7952,0,
contextbench_verified::SWE-PolyBench__python__maintenance__bugfix__40f09c26__07ae53e6e77e,ok,6468,1669,8137,7676,0,
contextbench_verified::SWE-PolyBench__python__maintenance__bugfix__70acfaad__b27aa206ddf3,ok,6405,2257,8662,6981,0,
contextbench_verified::SWE-PolyBench__python__maintenance__bugfix__b01e9113__17b06e2c6650,ok,6837,5756,12593,8501,0,
contextbench_verified::SWE-PolyBench__python__evolution__feature__66f97093__f4dc26d46687,ok,6432,4029,10461,7138,1,1.0
contextbench_verified::SWE-PolyBench__python__maintenance__bugfix__2a9201a9__a3aabc702e1c,ok,5580,2816,8396,6275,3,0.3333333333333333
contextbench_verified::SWE-PolyBench__python__maintenance__bugfix__aaf309d2__aa383559999b,ok,5702,2245,7947,6674,4,0.5
contextbench_verified::SWE-PolyBench__python__maintenance__bugfix__b52bbc24__4c572ffe9599,ok,5714,1185,6899,6212,0,
contextbench_verified::SWE-PolyBench__python__maintenance__bugfix__52a91dd8__28d627739601,ok,5166,2168,7334,5903,4,0.75
contextbench_verified::SWE-PolyBench__python__evolution__feature__9e2901b5__5fc7bb01e9d6,ok,4635,4684,9319,5691,3,0.0
contextbench_verified::SWE-PolyBench__python__maintenance__bugfix__37455515__f07951495740,ok,4920,3448,8368,5382,0,
contextbench_verified::SWE-PolyBench__python__maintenance__bugfix__9ea927ce__39bc699d2e6e,ok,6653,5292,11945,9332,2,1.0
contextbench_verified::SWE-PolyBench__python__maintenance__bugfix__8c189fda__c8a5a8969a87,ok,4807,3855,8662,5963,3,0.6666666666666666
contextbench_verified::SWE-PolyBench__python__evolution__refactor__57ad5598__10252a9e7d68,ok,7035,4043,11078,9522,1,1.0
contextbench_verified::SWE-PolyBench__python__maintenance__bugfix__3f3ff585__ec67b760ba25,ok,1540,782,2322,1915,1,1.0
contextbench_verified::SWE-PolyBench__python__maintenance__bugfix__24342259__6a9bc4c051f0,ok,5715,1947,7662,6576,0,
contextbench_verified::SWE-PolyBench__python__maintenance__bugfix__380568e9__880f0cdd6759,ok,3724,1571,5295,4674,0,
contextbench_verified::SWE-PolyBench__python__maintenance__bugfix__ea5a4764__a243d91e43b4,ok,4876,1240,6116,5458,0,
contextbench_verified::SWE-PolyBench__python__maintenance__bugfix__31f7341a__26abe697a880,ok,5193,3282,8475,7160,3,0.0
contextbench_verified::SWE-PolyBench__python__maintenance__bugfix__64a006b0__1c60668f6bdd,ok,6189,3245,9434,7181,0,
contextbench_verified::SWE-PolyBench__python__maintenance__bugfix__8b1080ea__f6cf6a0e77dd,ok,5852,2231,8083,7004,6,0.16666666666666666
contextbench_verified::SWE-PolyBench__python__maintenance__bugfix__b110ef6c__a2e9a5252d2e,ok,2278,2668,4946,3583,0,
contextbench_verified::SWE-PolyBench__python__maintenance__bugfix__0cf27f56__10a008fac10e,ok,6757,1413,8170,7413,1,0.0
contextbench_verified::Multi-SWE-Bench__c__maintenance__bugfix__a47dfbbf__6b4a3e019f8e,ok,5439,6718,12157,9165,0,
contextbench_verified::Multi-SWE-Bench__c__maintenance__bugfix__0f495035__a505463710aa,ok,6992,7212,14204,9272,0,
contextbench_verified::Multi-SWE-Bench__c__maintenance__bugfix__9a7be8ba__eb3a7a38270d,ok,6919,6498,13417,8375,0,
contextbench_verified::Multi-SWE-Bench__c__maintenance__bugfix__6b844996__e26126cacaa9,ok,5269,2960,8229,5744,0,
contextbench_verified::Multi-SWE-Bench__c__maintenance__bugfix__f9bb5442__df09d4318f0f,ok,6130,6944,13074,7536,0,
contextbench_verified::Multi-SWE-Bench__c__maintenance__bugfix__8bffb1b1__04212178b501,ok,3531,2465,5996,4836,0,
contextbench_verified::Multi-SWE-Bench__c__maintenance__bugfix__b9b45262__e8e1e13d4fcd,ok,4838,3528,8366,5246,0,
contextbench_verified::Multi-SWE-Bench__c__maintenance__bugfix__cdbc5890__7f547827e47b,ok,5697,4913,10610,6051,0,
contextbench_verified::Multi-SWE-Bench__c__maintenance__bugfix__49f4a0f4__c077b95ba2dc,ok,4868,1991,6859,6029,0,
contextbench_verified::Multi-SWE-Bench__c__maintenance__bugfix__538e9f59__4b4fefa25434,ok,4619,1497,6116,5076,0,
contextbench_verified::Multi-SWE-Bench__c__maintenance__bugfix__1e195cd6__f8a2feebba3a,ok,3849,1293,5142,4395,0,
contextbench_verified::Multi-SWE-Bench__c__maintenance__bugfix__7b474035__ca368192917b,ok,6474,6549,13023,6896,5,0.0
contextbench_verified::Multi-SWE-Bench__c__maintenance__bugfix__45da4482__12466227bb25,ok,7133,6953,14086,10458,0,
contextbench_verified::Multi-SWE-Bench__c__maintenance__bugfix__634fe9b8__3ed6c09a5f41,ok,3421,1390,4811,3844,0,
contextbench_verified::Multi-SWE-Bench__c__maintenance__bugfix__8f9042e3__d34dce667acc,ok,3367,2362,5729,3950,0,
contextbench_verified::Multi-SWE-Bench__c__maintenance__bugfix__5e659108__682b45d3abd7,ok,4188,2627,6815,5580,3,1.0
contextbench_verified::Multi-SWE-Bench__c__maintenance__bugfix__1ac60ce9__9e26f0ac4b65,ok,3356,871,4227,3650,0,
contextbench_verified::Multi-SWE-Bench__c__maintenance__bugfix__b8c88ac8__25fa3b158281,ok,6200,6069,12269,6842,3,0.0
contextbench_verified::Multi-SWE-Bench__c__maintenance__bugfix__1e842312__f00f95b30dd6,ok,3758,1272,5030,4212,2,1.0
contextbench_verified::Multi-SWE-Bench__c__maintenance__bugfix__39769692__ae5fabe6fdf7,ok,5354,3559,8913,6515,1,0.0
contextbench_verified::Multi-SWE-Bench__c__maintenance__bugfix__d22bf206__336000f43856,ok,5064,3515,8579,5920,0,
contextbench_verified::Multi-SWE-Bench__c__maintenance__bugfix__0f94ce4d__8ae0ecd7dcc1,ok,3688,1327,5015,4031,0,
contextbench_verified::Multi-SWE-Bench__c__maintenance__bugfix__5dc9809e__0c88dd775087,ok,3855,3096,6951,4621,2,0.5
contextbench_verified::Multi-SWE-Bench__cpp__maintenance__bugfix__e43d9aa5__979bbf03bb00,ok,6861,6905,13766,7300,0,
contextbench_verified::Multi-SWE-Bench__cpp__maintenance__bugfix__3e497d27__e3ddede6c4ee,ok,6034,1188,7222,6765,1,1.0
contextbench_verified::Multi-SWE-Bench__cpp__maintenance__bugfix__8ebb764e__cfc05e05f08d,ok,3856,1217,5073,4354,0,
contextbench_verified::Multi-SWE-Bench__cpp__maintenance__bugfix__1ec2c84a__8d9d528bf52c,ok,4476,3790,8266,5341,1,0.0
contextbench_verified::Multi-SWE-Bench__cpp__maintenance__bugfix__fe080aac__ee32bfc1c263,ok,6878,6666,13544,7497,0,
contextbench_verified::Multi-SWE-Bench__cpp__maintenance__bugfix__7c9ef76c__2d48a4d9c5e8,ok,6273,5014,11287,8219,2,0.5
contextbench_verified::Multi-SWE-Bench__cpp__maintenance__bugfix__6a4e21e9__bbdb29c6583e,ok,2865,2640,5505,4527,2,0.5
contextbench_verified::Multi-SWE-Bench__cpp__maintenance__bugfix__4a37a167__5ba0f65c3483,ok,4038,3198,7236,4421,0,
contextbench_verified::Multi-SWE-Bench__cpp__maintenance__bugfix__41b108ee__74bb7b2533af,ok,4962,5377,10339,8024,0,
contextbench_verified::Multi-SWE-Bench__cpp__maintenance__bugfix__bca55dea__35158257c6e7,ok,7032,5558,12590,9952,0,
contextbench_verified::Multi-SWE-Bench__go__maintenance__bugfix__03f04397__f015020bcd61,ok,4550,4022,8572,5978,0,
contextbench_verified::Multi-SWE-Bench__go__maintenance__bugfix__ff0cfab5__d21c11d774df,ok,2280,3023,5303,4653,0,
contextbench_verified::Multi-SWE-Bench__go__maintenance__bugfix__3d85271b__c6a693c459c2,ok,6714,1436,8150,7659,0,
contextbench_verified::Multi-SWE-Bench__go__maintenance__bugfix__52c152ba__1f488f4d5496,ok,5027,950,5977,5791,0,
contextbench_verified::Multi-SWE-Bench__go__maintenance__bugfix__2fea5f6b__954689ea9f26,ok,4825,2622,7447,5547,2,0.5
contextbench_verified::Multi-SWE-Bench__go__maintenance__bugfix__2c512ec3__d2683a1370c5,ok,4957,5157,10114,6580,3,0.0
contextbench_verified::Multi-SWE-Bench__go__maintenance__bugfix__1ba303a5__beba0e1d7899,ok,5101,3572,8673,7021,1,0.0
contextbench_verified::Multi-SWE-Bench__go__maintenance__bugfix__4d9664f3__583af3e54c50,ok,5739,1837,7576,6051,0,
contextbench_verified::Multi-SWE-Bench__go__maintenance__bugfix__3c9b757f__6e14426dfb07,ok,5741,3390,9131,6947,0,
contextbench_verified::Multi-SWE-Bench__go__maintenance__bugfix__0e3febd0__3a4d94760360,ok,6432,1224,7656,6713,0,
contextbench_verified::Multi-SWE-Bench__go__maintenance__bugfix__6d48775e__e6ff77ce73c2,ok,4235,856,5091,4434,0,
contextbench_verified::Multi-SWE-Bench__go__maintenance__bugfix__4606de0b__a6710ec50649,ok,3972,1730,5702,4182,0,
contextbench_verified::Multi-SWE-Bench__go__maintenance__bugfix__250649eb__aecfc01e6911,ok,4117,1342,5459,4405,0,
contextbench_verified::Multi-SWE-Bench__go__maintenance__bugfix__1b8cfbf9__026b07d1cfbf,ok,5462,5470,10932,7161,0,
contextbench_verified::Multi-SWE-Bench__go__maintenance__bugfix__6e022940__157bab18e4c9,ok,4133,1379,5512,4418,0,
contextbench_verified::Multi-SWE-Bench__go__maintenance__bugfix__0f79e39c__7e8348a68f96,ok,5102,2296,7398,5887,0,
contextbench_verified::Multi-SWE-Bench__go__maintenance__bugfix__0498ad7f__bdce08a793ab,ok,4989,2058,7047,5472,0,
contextbench_verified::Multi-SWE-Bench__go__maintenance__bugfix__0b78ed50__504cfbc654b3,ok,5344,2425,7769,6341,1,1.0
contextbench_verified::Multi-SWE-Bench__go__maintenance__bugfix__3e92c76b__d79eb494d998,ok,5239,4203,9442,5658,0,
contextbench_verified::Multi-SWE-Bench__go__maintenance__bugfix__3deeea9c__b5366c6ebf22,ok,5027,5662,10689,7285,0,
contextbench_verified::Multi-SWE-Bench__go__maintenance__bugfix__8d23605c__727b72666713,ok,5560,1597,7157,5862,0,
contextbench_verified::Multi-SWE-Bench__go__maintenance__bugfix__85c030cf__b9292f582f55,ok,4856,2130,6986,5131,3,1.0
contextbench_verified::Multi-SWE-Bench__go__maintenance__bugfix__73631dc4__88eaa28aef1f,ok,5441,1642,7083,5687,2,1.0
contextbench_verified::Multi-SWE-Bench__go__maintenance__bugfix__2a889a1d__eb1b9122d8d7,ok,5954,1665,7619,6357,0,
contextbench_verified::Multi-SWE-Bench__go__maintenance__bugfix__eb5704a5__cc96ddd5514c,ok,5270,1765,7035,5620,0,
contextbench_verified::Multi-SWE-Bench__go__maintenance__bugfix__cedbb0cb__02b4ab5be3d3,ok,6062,803,6865,6252,1,0.0
contextbench_verified::Multi-SWE-Bench__go__maintenance__bugfix__74cafcca__45bd2846a34b,ok,6681,650,7331,6716,0,
contextbench_verified::Multi-SWE-Bench__go__maintenance__bugfix__ed8db47d__af05219b70c5,ok,5432,2007,7439,6016,1,1.0
contextbench_verified::Multi-SWE-Bench__java__maintenance__bugfix__8b7cc5e0__12b40c7ba3e7,ok,4156,1158,5314,4768,0,
contextbench_verified::Multi-SWE-Bench__java__maintenance__bugfix__ef567ef1__45cc6b34343b,ok,4826,3455,8281,6661,0,
contextbench_verified::Multi-SWE-Bench__java__maintenance__bugfix__92782c7b__5e3038a3d3fd,ok,5166,2061,7227,6127,0,
contextbench_verified::Multi-SWE-Bench__java__maintenance__bugfix__14da06bc__96f7e2949d4f,ok,5203,4950,10153,6798,11,0.2727272727272727
contextbench_verified::Multi-SWE-Bench__java__maintenance__bugfix__36a08326__3ed7f4572534,ok,3545,3435,6980,5385,3,0.3333333333333333
contextbench_verified::Multi-SWE-Bench__java__maintenance__bugfix__07d7817b__7c9e7c1e2acd,ok,1561,958,2519,1685,5,0.0
contextbench_verified::Multi-SWE-Bench__java__maintenance__bugfix__be0b5fff__035fba395593,ok,6458,699,7157,6856,0,
contextbench_verified::Multi-SWE-Bench__java__maintenance__bugfix__9a3d9d3f__9684204f3073,ok,5244,4491,9735,6459,3,0.3333333333333333
contextbench_verified::Multi-SWE-Bench__java__maintenance__bugfix__2bd87230__dd733c4c5c48,ok,1805,1893,3698,2824,0,
contextbench_verified::Multi-SWE-Bench__java__maintenance__bugfix__747c7f60__3f4ac29f9112,ok,5040,2351,7391,6042,1,0.0
contextbench_verified::Multi-SWE-Bench__java__maintenance__bugfix__1665de74__a0214364c36c,ok,4996,5468,10464,6545,0,
contextbench_verified::Multi-SWE-Bench__javascript__maintenance__bugfix__98bbaed2__0abc70564746,ok,4904,624,5528,5187,5,0.4
contextbench_verified::Multi-SWE-Bench__javascript__maintenance__bugfix__cbea412a__dc538f6e810b,ok,4242,1185,5427,4788,1,1.0
contextbench_verified::Multi-SWE-Bench__javascript__maintenance__bugfix__b31d2f53__5a108ff3159c,ok,50,526,576,576,4,0.0
contextbench_verified::Multi-SWE-Bench__javascript__maintenance__bugfix__eea782b2__f68e4b1a29fc,ok,1424,296,1720,1690,0,
contextbench_verified::Multi-SWE-Bench__javascript__maintenance__bugfix__2d9d9f71__b1abdc40ee6c,ok,2018,1733,3751,2096,0,
contextbench_verified::Multi-SWE-Bench__javascript__maintenance__bugfix__5b47b0dd__cc993f0a8d18,ok,4381,961,5342,4605,0,
contextbench_verified::Multi-SWE-Bench__javascript__maintenance__bugfix__87d9772c__72cdb20552dd,ok,2265,1428,3693,2974,0,
contextbench_verified::Multi-SWE-Bench__javascript__maintenance__bugfix__3d84a3a4__bcea06730da2,ok,3341,2106,5447,4325,0,
contextbench_verified::Multi-SWE-Bench__javascript__maintenance__bugfix__72488b59__9ad2e47e0569,ok,1696,648,2344,2134,0,
contextbench_verified::Multi-SWE-Bench__javascript__maintenance__bugfix__838d3d25__a1f371e78656,ok,5290,982,6272,5868,0,
contextbench_verified::Multi-SWE-Bench__javascript__maintenance__bugfix__a98dbc6f__c66bf178aae1,ok,4243,3927,8170,5333,0,
contextbench_verified::Multi-SWE-Bench__javascript__maintenance__bugfix__3d4cfa9c__36ece1c38114,ok,6623,1589,8212,8059,2,1.0
contextbench_verified::Multi-SWE-Bench__javascript__maintenance__bugfix__d33de279__777d059b10de,ok,3262,1715,4977,4364,0,
contextbench_verified::Multi-SWE-Bench__javascript__maintenance__bugfix__bb727b6d__cf6b64c6c022,ok,6170,3505,9675,7005,0,
contextbench_verified::Multi-SWE-Bench__javascript__maintenance__bugfix__bd81816f__e417d3a2d281,ok,3946,1216,5162,4505,4,0.0
contextbench_verified::Multi-SWE-Bench__javascript__maintenance__bugfix__01d1908e__97e5b5285adf,ok,4449,4294,8743,5311,0,
contextbench_verified::Multi-SWE-Bench__javascript__maintenance__bugfix__1081c568__ca6e9b5745e8,ok,3938,3403,7341,5869,0,
contextbench_verified::Multi-SWE-Bench__javascript__maintenance__bugfix__2f838a18__db0b802fc2a8,ok,4360,3759,8119,6106,0,
contextbench_verified::Multi-SWE-Bench__javascript__maintenance__bugfix__2f405b15__092370b43fcb,ok,6663,3761,10424,7685,0,
contextbench_verified::Multi-SWE-Bench__rust__maintenance__bugfix__c363219b__4858267f3b97,ok,5597,1841,7438,6168,0,
contextbench_verified::Multi-SWE-Bench__rust__maintenance__bugfix__908342f0__4d69e56f06d6,ok,3755,1567,5322,4134,0,
contextbench_verified::Multi-SWE-Bench__rust__maintenance__bugfix__d3133dfb__8e510650a98a,ok,4996,5608,10604,6150,0,
contextbench_verified::Multi-SWE-Bench__rust__maintenance__bugfix__92158fba__ce8ebe1ccce8,ok,5831,5842,11673,7650,3,0.0
contextbench_verified::Multi-SWE-Bench__rust__maintenance__bugfix__3c69099b__17ec7757891a,ok,7214,6290,13504,10829,0,
contextbench_verified::Multi-SWE-Bench__rust__maintenance__bugfix__37f525d2__15f01789d2a6,ok,5281,1189,6470,5596,0,
contextbench_verified::Multi-SWE-Bench__rust__maintenance__bugfix__3be02163__135b15467eda,ok,6779,6797,13576,8446,0,
contextbench_verified::Multi-SWE-Bench__rust__maintenance__bugfix__7acaca55__56ed9981da3a,ok,6771,6726,13497,10633,0,
contextbench_verified::Multi-SWE-Bench__rust__maintenance__bugfix__0e4346f7__6eacd8a7476e,ok,6539,5085,11624,7164,1,1.0
contextbench_verified::Multi-SWE-Bench__rust__maintenance__bugfix__627665a2__c4780e3305b4,ok,6149,5905,12054,7523,0,
contextbench_verified::Multi-SWE-Bench__rust__maintenance__bugfix__bdc6ab14__33c305ea6ff6,ok,5222,3131,8353,6373,0,
contextbench_verified::Multi-SWE-Bench__rust__maintenance__bugfix__c9cd2b2c__e3bfa50e8f45,ok,6265,1408,7673,6623,0,
contextbench_verified::Multi-SWE-Bench__rust__maintenance__bugfix__2dc6f037__750aba282f1a,ok,5742,2916,8658,7662,0,
contextbench_verified::Multi-SWE-Bench__rust__maintenance__bugfix__ae8b362a__deb14c853740,ok,6673,3242,9915,7051,1,0.0
contextbench_verified::Multi-SWE-Bench__rust__maintenance__bugfix__16860730__5417c89387b6,ok,6370,5900,12270,9112,0,
contextbench_verified::Multi-SWE-Bench__rust__maintenance__bugfix__1b6e3d94__2de810e97d5c,ok,5515,982,6497,6142,0,
contextbench_verified::Multi-SWE-Bench__rust__maintenance__bugfix__03fdad45__9965a04b5684,ok,4244,1033,5277,4780,0,
contextbench_verified::Multi-SWE-Bench__rust__maintenance__bugfix__3a4062fe__43c224ff47e4,ok,3119,2734,5853,3176,0,
contextbench_verified::Multi-SWE-Bench__rust__maintenance__bugfix__aa16b8b2__908cc432a599,ok,5562,5023,10585,6557,0,
contextbench_verified::Multi-SWE-Bench__rust__maintenance__bugfix__1cadcb7d__4609f22aff1a,ok,5506,3041,8547,6366,0,
contextbench_verified::Multi-SWE-Bench__typescript__maintenance__bugfix__2fb50735__991883df4d59,ok,1314,759,2073,1774,0,
contextbench_verified::Multi-SWE-Bench__typescript__maintenance__bugfix__898aa1de__6b9cee5d5233,ok,1739,1061,2800,2229,0,
contextbench_verified::Multi-SWE-Bench__typescript__maintenance__bugfix__a7aba10f__75404f9ff099,ok,4982,1248,6230,5451,2,0.0
contextbench_verified::Multi-SWE-Bench__typescript__maintenance__bugfix__c3284db4__375358b6f7d0,ok,4356,3344,7700,5843,0,
contextbench_verified::Multi-SWE-Bench__typescript__maintenance__bugfix__6f9b5ff2__bca4565b43b4,ok,5268,2976,8244,6999,0,
contextbench_verified::Multi-SWE-Bench__typescript__maintenance__bugfix__9bdfae2c__0f8eb07edbf2,ok,3867,3838,7705,4508,0,
contextbench_verified::Multi-SWE-Bench__typescript__maintenance__bugfix__8d36ca39__b00bdc767032,ok,6698,2839,9537,7174,0,
contextbench_verified::Multi-SWE-Bench__typescript__maintenance__bugfix__04b981d7__0ba283880545,ok,2770,2478,5248,4776,0,
contextbench_verified::Multi-SWE-Bench__typescript__maintenance__bugfix__9907b12d__b1d2e8d375be,ok,1109,1597,2706,2684,1,0.0
contextbench_verified::Multi-SWE-Bench__typescript__maintenance__bugfix__4c3f5d3d__d9e863562f73,ok,888,406,1294,1197,0,
contextbench_verified::Multi-SWE-Bench__typescript__maintenance__bugfix__3cb539ec__b3548fabeab1,ok,5581,1760,7341,6060,13,0.15384615384615385
contextbench_verified::Multi-SWE-Bench__typescript__maintenance__bugfix__41a5a6f5__fa62bf35e109,ok,4039,3681,7720,4591,0,
contextbench_verified::Multi-SWE-Bench__typescript__maintenance__bugfix__8d0f55cd__43a929dda5a0,ok,4617,736,5353,4880,0,
contextbench_verified::Multi-SWE-Bench__typescript__maintenance__bugfix__1ac0bb81__6a96f9ca2297,ok,2063,677,2740,2141,0,
contextbench_verified::Multi-SWE-Bench__typescript__maintenance__bugfix__73fc043b__414c2ad63dd7,ok,2431,1609,4040,3852,0,
contextbench_verified::Multi-SWE-Bench__typescript__maintenance__bugfix__b8bf59e7__f22b27378ee9,ok,4084,1424,5508,4431,0,
contextbench_verified::Multi-SWE-Bench__typescript__maintenance__bugfix__05c53458__38ac830eedf6,ok,3279,2146,5425,3680,0,
contextbench_verified::Multi-SWE-Bench__typescript__maintenance__bugfix__5aed9f96__fca2ddf44ce5,ok,3956,2177,6133,5554,4,0.0
contextbench_verified::Multi-SWE-Bench__typescript__maintenance__bugfix__0b0f1e0e__984645eb1a76,ok,4138,3528,7666,6771,0,
contextbench_verified::Multi-SWE-Bench__typescript__maintenance__bugfix__05c9e61e__194670d1cab8,ok,6340,3631,9971,6677,2,0.5
contextbench_verified::Multi-SWE-Bench__typescript__maintenance__bugfix__ff629f34__d0b513eb463f,ok,3338,1950,5288,3660,2,0.0
contextbench_verified::Multi-SWE-Bench__typescript__maintenance__bugfix__6a14056a__b74687c0bbc0,ok,5484,3587,9071,5968,2,0.5
contextbench_verified::Multi-SWE-Bench__typescript__maintenance__bugfix__8d2ac221__314ce82e479d,ok,6567,1385,7952,7084,1,1.0
contextbench_verified::Multi-SWE-Bench__typescript__maintenance__bugfix__2aa6fa4c__582cd2e9bc21,ok,5748,1168,6916,6051,0,
contextbench_verified::Multi-SWE-Bench__typescript__maintenance__bugfix__54ebe590__75e02b5099a0,ok,5509,891,6400,5842,1,0.0
contextbench_verified::Multi-SWE-Bench__typescript__maintenance__bugfix__7c41997b__d276a4f3e914,ok,4328,3447,7775,5184,1,0.0
contextbench_verified::Multi-SWE-Bench__typescript__maintenance__bugfix__18eac778__68e5cc6ac8fc,ok,3444,1461,4905,4389,0,
contextbench_verified::Multi-SWE-Bench__typescript__maintenance__bugfix__04c51be7__0275dd329d24,ok,6828,2670,9498,8706,3,0.0
contextbench_verified::Multi-SWE-Bench__typescript__maintenance__bugfix__5eee261d__f6babf323631,ok,6386,2725,9111,7136,3,0.3333333333333333
contextbench_verified::Multi-SWE-Bench__typescript__maintenance__bugfix__6a53360d__dadb3632a0f8,ok,3927,1533,5460,4272,0,
contextbench_verified::Multi-SWE-Bench__typescript__maintenance__bugfix__c8b82135__0e63cbfaf579,ok,5190,2298,7488,6832,7,0.2857142857142857
