instance_id,status,file_recall,file_precision,used_tokens,nontrivial_file_recall,repo,language
contextbench_verified::Multi-SWE-Bench__rust__maintenance__bugfix__c363219b__4858267f3b97,ok,1.0,0.07692307692307693,5877,,BurntSushi/ripgrep,rust
contextbench_verified::SWE-PolyBench__python__maintenance__bugfix__ed58622a__9150f32f8b86,ok,1.0,0.058823529411764705,6279,,Significant-Gravitas/AutoGPT,python
contextbench_verified::Multi-SWE-Bench__java__maintenance__bugfix__8b7cc5e0__12b40c7ba3e7,ok,1.0,0.16666666666666666,3532,,alibaba/fastjson2,java
contextbench_verified::Multi-SWE-Bench__java__maintenance__bugfix__ef567ef1__45cc6b34343b,ok,1.0,0.16666666666666666,5092,,alibaba/fastjson2,java
contextbench_verified::SWE-Bench-Pro__python__maintenance__bugfix__9c878ad5__016b7f71b105,ok,1.0,0.2,6214,,ansible/ansible,python
contextbench_verified::SWE-Bench-Pro__javascript__maintenance__bugfix__7b6185af__a2ebf53b6098,ok,0.6666666666666666,0.7692307692307693,3970,0.16666666666666666,NodeBB/NodeBB,javascript
contextbench_verified::SWE-Bench-Pro__python__maintenance__bugfix__0c4f8d13__1503805b7037,ok,1.0,0.7142857142857143,6995,1.0,ansible/ansible,python
contextbench_verified::SWE-Bench-Pro__python__maintenance__bugfix__84fdadf0__173325329733,ok,1.0,0.5714285714285714,6672,,ansible/ansible,python
contextbench_verified::SWE-Bench-Pro__python__maintenance__bugfix__5ec14acf__20ec92728004,ok,0.6666666666666666,0.3333333333333333,4107,0.5,ansible/ansible,python
contextbench_verified::SWE-Bench-Pro__python__maintenance__bugfix__739b23db__252685092cac,ok,1.0,0.75,6747,,ansible/ansible,python
contextbench_verified::SWE-Bench-Pro__python__maintenance__bugfix__450d75e0__35809806d3ab,ok,0.6,0.13043478260869565,6369,0.0,ansible/ansible,python
contextbench_verified::SWE-Bench-Pro__javascript__maintenance__bugfix__e31ec45c__f0d989e4ba5b,ok,0.5454545454545454,0.42857142857142855,3075,0.0,NodeBB/NodeBB,javascript
contextbench_verified::SWE-Bench-Pro__python__maintenance__bugfix__b9f9961f__375d3889de9f,ok,0.4444444444444444,1.0,6086,0.0,ansible/ansible,python
contextbench_verified::SWE-Bench-Pro__python__maintenance__bugfix__31f13b61__3684b4824d36,ok,0.7777777777777778,0.4375,6453,0.0,ansible/ansible,python
contextbench_verified::SWE-Bench-Pro__python__maintenance__bugfix__62badbbf__38067860e271,ok,1.0,0.5,4937,,ansible/ansible,python
contextbench_verified::SWE-Bench-Pro__python__maintenance__bugfix__512d556b__662d34b9a7a1,ok,1.0,0.5,6363,,ansible/ansible,python
contextbench_verified::SWE-Bench-Pro__python__maintenance__bugfix__1cae51cc__6382ea168a93,ok,0.6428571428571429,0.75,6033,0.0,ansible/ansible,python
contextbench_verified::SWE-Bench-Pro__python__maintenance__bugfix__cf01f471__7fff40865236,ok,0.6,0.25,5953,0.3333333333333333,ansible/ansible,python
contextbench_verified::SWE-Bench-Pro__python__maintenance__bugfix__6ebb54dc__6d34eb88d95c,ok,0.7142857142857143,1.0,7077,,ansible/ansible,python
contextbench_verified::SWE-Bench-Pro__python__maintenance__bugfix__e6efdd87__96c19724394a,ok,0.5,0.42857142857142855,5479,0.14285714285714285,ansible/ansible,python
contextbench_verified::SWE-Bench-Pro__python__maintenance__bugfix__7c4a11fb__9b0d2decb24b,ok,0.6,0.25,6309,0.3333333333333333,ansible/ansible,python
contextbench_verified::SWE-Bench-Pro__python__maintenance__bugfix__e2b70931__a5a13246ce02,ok,0.5,0.75,6119,0.14285714285714285,ansible/ansible,python
contextbench_verified::SWE-Bench-Pro__python__maintenance__bugfix__5b2cf9bb__a6e671db2538,ok,1.0,0.5,5954,,ansible/ansible,python
contextbench_verified::SWE-Bench-Pro__python__maintenance__bugfix__942d0b14__8a175f59c939,ok,0.8,1.0,6331,0.0,ansible/ansible,python
contextbench_verified::SWE-Bench-Pro__python__maintenance__bugfix__4c132bfd__bddb9a7490b5,ok,1.0,0.16666666666666666,6681,,ansible/ansible,python
contextbench_verified::SWE-Bench-Pro__javascript__maintenance__bugfix__ac8400d9__140f9d2481f7,ok,0.5384615384615384,1.0,3310,0.0,NodeBB/NodeBB,javascript
contextbench_verified::SWE-Bench-Pro__python__maintenance__bugfix__462b957d__dd44449b6ec4,ok,1.0,0.25,6863,,ansible/ansible,python
contextbench_verified::SWE-Bench-Pro__python__maintenance__bugfix__1bb5c0b0__bf98f031f3f5,ok,0.8,0.8,5669,0.0,ansible/ansible,python
contextbench_verified::SWE-Bench-Pro__python__maintenance__bugfix__2464eadb__db2d5b09eff9,ok,1.0,0.25,2598,,ansible/ansible,python
contextbench_verified::SWE-Bench-Pro__python__maintenance__bugfix__64469377__b6360dc5e068,ok,0.6666666666666666,0.46153846153846156,6497,0.0,ansible/ansible,python
contextbench_verified::SWE-Bench-Pro__python__maintenance__bugfix__07bb383a__e889b1063f60,ok,1.0,1.0,4381,,ansible/ansible,python
contextbench_verified::SWE-Bench-Pro__python__maintenance__bugfix__18d7bbbc__e094d48b1bdd,ok,0.6363636363636364,0.7777777777777778,6026,0.0,ansible/ansible,python
contextbench_verified::SWE-Bench-Pro__python__maintenance__bugfix__5fdd12f6__f4502a8f1ce7,ok,0.6666666666666666,0.2,6704,0.5,ansible/ansible,python
contextbench_verified::SWE-Bench-Verified__python__maintenance__bugfix__71f348da__0df94ff70979,ok,1.0,0.25,3272,,astropy/astropy,python
contextbench_verified::SWE-Bench-Verified__python__maintenance__bugfix__1d90db61__1a4462d72eb0,ok,1.0,0.07142857142857142,5866,,astropy/astropy,python
contextbench_verified::SWE-Bench-Verified__python__maintenance__bugfix__deb49033__6500928dc0e5,ok,0.6,0.4,6714,0.3333333333333333,astropy/astropy,python
contextbench_verified::SWE-Bench-Verified__python__maintenance__bugfix__1ce4c38e__b16c7d12ccbc,ok,1.0,0.5,6463,,astropy/astropy,python
contextbench_verified::Multi-SWE-Bench__javascript__maintenance__bugfix__98bbaed2__0abc70564746,ok,0.16666666666666666,0.14285714285714285,4347,0.0,axios/axios,javascript
contextbench_verified::Multi-SWE-Bench__cpp__maintenance__bugfix__e43d9aa5__979bbf03bb00,ok,0.6666666666666666,0.5714285714285714,7015,,catchorg/Catch2,cpp
contextbench_verified::SWE-Bench-Verified__python__maintenance__bugfix__3185b834__80c3854a5f4f,ok,1.0,0.25,5916,,astropy/astropy,python
contextbench_verified::Multi-SWE-Bench__rust__maintenance__bugfix__37f525d2__15f01789d2a6,ok,1.0,0.25,5272,,clap-rs/clap,rust
contextbench_verified::Multi-SWE-Bench__rust__maintenance__bugfix__bdc6ab14__33c305ea6ff6,ok,1.0,0.3333333333333333,4961,,clap-rs/clap,rust
contextbench_verified::Multi-SWE-Bench__rust__maintenance__bugfix__3be02163__135b15467eda,ok,1.0,0.875,6797,,clap-rs/clap,rust
contextbench_verified::Multi-SWE-Bench__rust__maintenance__bugfix__908342f0__4d69e56f06d6,ok,1.0,0.5,5440,,clap-rs/clap,rust
contextbench_verified::Multi-SWE-Bench__rust__maintenance__bugfix__7acaca55__56ed9981da3a,ok,0.8888888888888888,1.0,6755,,clap-rs/clap,rust
contextbench_verified::Multi-SWE-Bench__rust__maintenance__bugfix__3c69099b__17ec7757891a,ok,1.0,0.9,7036,,clap-rs/clap,rust
contextbench_verified::Multi-SWE-Bench__rust__maintenance__bugfix__0e4346f7__6eacd8a7476e,ok,1.0,0.42857142857142855,6686,1.0,clap-rs/clap,rust
contextbench_verified::Multi-SWE-Bench__rust__maintenance__bugfix__2dc6f037__750aba282f1a,ok,1.0,0.25,6102,,clap-rs/clap,rust
contextbench_verified::Multi-SWE-Bench__rust__maintenance__bugfix__627665a2__c4780e3305b4,ok,1.0,1.0,5957,,clap-rs/clap,rust
contextbench_verified::Multi-SWE-Bench__rust__maintenance__bugfix__d3133dfb__8e510650a98a,ok,1.0,1.0,4748,,clap-rs/clap,rust
contextbench_verified::Multi-SWE-Bench__rust__maintenance__bugfix__ae8b362a__deb14c853740,ok,0.875,0.875,6306,0.0,clap-rs/clap,rust
contextbench_verified::Multi-SWE-Bench__rust__maintenance__bugfix__c9cd2b2c__e3bfa50e8f45,ok,1.0,0.07692307692307693,5835,,clap-rs/clap,rust
contextbench_verified::Multi-SWE-Bench__go__maintenance__bugfix__cedbb0cb__02b4ab5be3d3,ok,0.5,0.07692307692307693,6433,0.0,cli/cli,go
contextbench_verified::Multi-SWE-Bench__rust__maintenance__bugfix__92158fba__ce8ebe1ccce8,ok,0.625,1.0,5857,0.0,clap-rs/clap,rust
contextbench_verified::SWE-Bench-Verified__python__maintenance__bugfix__e5a3bf2a__c0a24c1dc957,ok,0.5,0.5,6317,0.0,astropy/astropy,python
contextbench_verified::Multi-SWE-Bench__go__maintenance__bugfix__1b8cfbf9__026b07d1cfbf,ok,1.0,0.8,4540,,cli/cli,go
contextbench_verified::Multi-SWE-Bench__go__maintenance__bugfix__6e022940__157bab18e4c9,ok,1.0,0.09523809523809523,6352,,cli/cli,go
contextbench_verified::Multi-SWE-Bench__go__maintenance__bugfix__52c152ba__1f488f4d5496,ok,1.0,0.05263157894736842,6714,,cli/cli,go
contextbench_verified::Multi-SWE-Bench__go__maintenance__bugfix__0e3febd0__3a4d94760360,ok,1.0,0.07692307692307693,6364,,cli/cli,go
contextbench_verified::Multi-SWE-Bench__go__maintenance__bugfix__3e2d031f__23913ac371ba,ok,1.0,0.1111111111111111,6946,,cli/cli,go
contextbench_verified::Multi-SWE-Bench__go__maintenance__bugfix__0b78ed50__504cfbc654b3,ok,1.0,0.11764705882352941,6433,1.0,cli/cli,go
contextbench_verified::Multi-SWE-Bench__go__maintenance__bugfix__d129d52f__2df3dd4f7dd9,ok,1.0,0.04,6312,,cli/cli,go
contextbench_verified::SWE-Bench-Pro__javascript__maintenance__bugfix__4eb0e647__1e137b07052b,ok,0.6875,1.0,6000,0.0,NodeBB/NodeBB,javascript
contextbench_verified::Multi-SWE-Bench__go__maintenance__bugfix__4d9664f3__583af3e54c50,ok,1.0,0.13333333333333333,6518,,cli/cli,go
contextbench_verified::Multi-SWE-Bench__go__maintenance__bugfix__8d23605c__727b72666713,ok,1.0,0.1111111111111111,6625,,cli/cli,go
contextbench_verified::Multi-SWE-Bench__go__maintenance__bugfix__0f79e39c__7e8348a68f96,ok,1.0,0.022727272727272728,5429,,cli/cli,go
contextbench_verified::Multi-SWE-Bench__go__maintenance__bugfix__3c9b757f__6e14426dfb07,ok,1.0,0.125,6276,,cli/cli,go
contextbench_verified::Multi-SWE-Bench__go__maintenance__bugfix__73631dc4__88eaa28aef1f,ok,1.0,0.2222222222222222,5771,1.0,cli/cli,go
contextbench_verified::SWE-Bench-Pro__javascript__maintenance__bugfix__09eb0d6d__7800016f2f1b,ok,0.7857142857142857,0.5789473684210527,4965,0.0,NodeBB/NodeBB,javascript
contextbench_verified::Multi-SWE-Bench__go__maintenance__bugfix__1384380d__537dcb27398b,ok,0.8333333333333334,1.0,2944,0.0,cli/cli,go
contextbench_verified::Multi-SWE-Bench__go__maintenance__bugfix__3d1b3145__41a457136e31,ok,1.0,0.047619047619047616,6309,,cli/cli,go
contextbench_verified::Multi-SWE-Bench__go__maintenance__bugfix__3deeea9c__b5366c6ebf22,ok,1.0,0.2222222222222222,5221,,cli/cli,go
contextbench_verified::Multi-SWE-Bench__go__maintenance__bugfix__85c030cf__b9292f582f55,ok,0.75,0.09375,6119,0.6666666666666666,cli/cli,go
contextbench_verified::Multi-SWE-Bench__go__maintenance__bugfix__4606de0b__a6710ec50649,ok,1.0,0.045454545454545456,6631,,cli/cli,go
contextbench_verified::Multi-SWE-Bench__go__maintenance__bugfix__250649eb__aecfc01e6911,ok,1.0,0.16666666666666666,6581,,cli/cli,go
contextbench_verified::Multi-SWE-Bench__go__maintenance__bugfix__0498ad7f__bdce08a793ab,ok,1.0,0.03125,5995,,cli/cli,go
contextbench_verified::Multi-SWE-Bench__go__maintenance__bugfix__eb5704a5__cc96ddd5514c,ok,1.0,0.2,6246,,cli/cli,go
contextbench_verified::Multi-SWE-Bench__go__maintenance__bugfix__2fea5f6b__954689ea9f26,ok,0.75,0.1875,5756,0.5,cli/cli,go
contextbench_verified::Multi-SWE-Bench__go__maintenance__bugfix__9e8a151e__26f3601a81cb,ok,0.6756756756756757,1.0,6093,0.0,cli/cli,go
contextbench_verified::Multi-SWE-Bench__go__maintenance__bugfix__3e92c76b__d79eb494d998,ok,1.0,0.045454545454545456,6222,,cli/cli,go
contextbench_verified::Multi-SWE-Bench__go__maintenance__bugfix__1ba303a5__beba0e1d7899,ok,0.6666666666666666,0.16666666666666666,5468,0.0,cli/cli,go
contextbench_verified::Multi-SWE-Bench__go__maintenance__bugfix__2a889a1d__eb1b9122d8d7,ok,1.0,0.1,6307,,cli/cli,go
contextbench_verified::Multi-SWE-Bench__go__maintenance__bugfix__6d48775e__e6ff77ce73c2,ok,1.0,0.125,6231,,cli/cli,go
contextbench_verified::SWE-PolyBench__typescript__maintenance__bugfix__42165c4e__5d3c9edce436,ok,1.0,0.2857142857142857,6194,1.0,coder/code-server,typescript
contextbench_verified::SWE-PolyBench__typescript__evolution__feature__41cd3842__78658f1cf48a,ok,1.0,0.2,5436,,coder/code-server,typescript
contextbench_verified::Multi-SWE-Bench__typescript__maintenance__bugfix__2fb50735__991883df4d59,ok,1.0,0.25,1838,,darkreader/darkreader,typescript
contextbench_verified::SWE-Bench-Verified__python__maintenance__bugfix__c20c3c4f__004b4620f6f4,ok,1.0,0.3333333333333333,1282,,django/django,python
contextbench_verified::Multi-SWE-Bench__go__maintenance__bugfix__2c512ec3__d2683a1370c5,ok,0.5,0.16666666666666666,6400,0.0,cli/cli,go
contextbench_verified::SWE-Bench-Verified__python__maintenance__bugfix__01527b89__06fd4df41afb,ok,0.4,0.3333333333333333,3951,0.25,django/django,python
contextbench_verified::SWE-Bench-Verified__python__maintenance__bugfix__cecff61c__0b0998dc151f,ok,0.2,0.3333333333333333,3833,0.0,django/django,python
contextbench_verified::SWE-Bench-Verified__python__maintenance__bugfix__afcc47be__0c3981eb5094,ok,0.6666666666666666,0.15384615384615385,5518,0.0,django/django,python
contextbench_verified::SWE-Bench-Verified__python__maintenance__bugfix__8f9e4358__1250483ebf73,ok,1.0,0.25,1624,,django/django,python
contextbench_verified::SWE-Bench-Verified__python__maintenance__bugfix__c4c8d376__0c42cdf0d242,ok,0.4,0.5,5247,0.25,django/django,python
contextbench_verified::Multi-SWE-Bench__go__maintenance__bugfix__3d85271b__c6a693c459c2,ok,1.0,0.07142857142857142,6144,,cli/cli,go
contextbench_verified::SWE-Bench-Verified__python__maintenance__bugfix__abfdb2c5__156a2138db20,ok,1.0,0.6,4327,,django/django,python
contextbench_verified::SWE-Bench-Verified__python__maintenance__bugfix__9a05fe0c__19fc6376ce67,ok,1.0,0.07142857142857142,5820,1.0,django/django,python
contextbench_verified::SWE-Bench-Verified__python__maintenance__bugfix__2d5d4dcd__1f8382d34d54,ok,0.75,1.0,3996,0.0,django/django,python
contextbench_verified::SWE-Bench-Verified__python__maintenance__bugfix__12d848d7__21b1d239125f,ok,1.0,0.07142857142857142,3946,,django/django,python
contextbench_verified::SWE-Bench-Verified__python__maintenance__bugfix__2c34be8a__22a59c01c00c,ok,1.0,0.25,3358,,django/django,python
contextbench_verified::SWE-Bench-Verified__python__maintenance__bugfix__183a2a5b__2480554dc4ad,ok,1.0,0.1,6055,,django/django,python
contextbench_verified::SWE-Bench-Verified__python__maintenance__bugfix__f8da42bc__2a55431a5678,ok,0.5,0.16666666666666666,3922,0.0,django/django,python
contextbench_verified::SWE-Bench-Verified__python__maintenance__bugfix__ebf021d0__321ecb40f4da,ok,0.8,1.0,4992,0.0,django/django,python
contextbench_verified::SWE-Bench-Verified__python__maintenance__bugfix__497deb6f__335c9c94acf2,ok,0.5,1.0,4302,0.25,django/django,python
contextbench_verified::Multi-SWE-Bench__go__maintenance__bugfix__ff0cfab5__d21c11d774df,ok,1.0,0.09090909090909091,6673,,cli/cli,go
contextbench_verified::SWE-Bench-Verified__python__maintenance__bugfix__6f3e4cd9__350123f38c2b,ok,1.0,0.1,5817,,django/django,python
contextbench_verified::SWE-Bench-Verified__python__maintenance__bugfix__2e3d6eae__361bb8f786f1,ok,0.5,0.14285714285714285,3279,0.0,django/django,python
contextbench_verified::SWE-Bench-Verified__python__maintenance__bugfix__60bc9e86__37c5b8c07be1,ok,1.0,0.3333333333333333,5228,,django/django,python
contextbench_verified::SWE-Bench-Verified__python__maintenance__bugfix__1efc2b51__39f83765e12b,ok,1.0,0.6666666666666666,5228,1.0,django/django,python
contextbench_verified::SWE-Bench-Verified__python__maintenance__bugfix__986c9e85__3fb7c12158a2,ok,1.0,0.5,4102,,django/django,python
contextbench_verified::SWE-Bench-Verified__python__maintenance__bugfix__4b691a35__4a72da71001f,ok,1.0,0.125,5146,,django/django,python
contextbench_verified::SWE-Bench-Verified__python__maintenance__bugfix__0006beec__4e8121e8e42a,ok,1.0,0.2,5400,,django/django,python
contextbench_verified::SWE-Bench-Verified__python__maintenance__bugfix__81f2c925__5573a54d409b,ok,1.0,0.3333333333333333,5190,,django/django,python
contextbench_verified::SWE-Bench-Verified__python__maintenance__bugfix__45db86cf__45814af6197c,ok,1.0,0.047619047619047616,5727,,django/django,python
contextbench_verified::SWE-Bench-Verified__python__maintenance__bugfix__ac705f35__5e04e84d67da,ok,1.0,0.2222222222222222,5640,1.0,django/django,python
contextbench_verified::SWE-Bench-Verified__python__maintenance__bugfix__227490c2__5a8e8f80bb82,ok,0.25,1.0,2658,0.0,django/django,python
contextbench_verified::SWE-Bench-Verified__python__maintenance__bugfix__2ab7d0fc__5eb6a2b33d70,ok,1.0,0.16666666666666666,3982,,django/django,python
contextbench_verified::SWE-Bench-Verified__python__maintenance__bugfix__2ccbdc72__63884829acd2,ok,1.0,0.2,3749,,django/django,python
contextbench_verified::SWE-Bench-Verified__python__maintenance__bugfix__ee10f0e4__6599608c4d0b,ok,0.5,0.2222222222222222,4855,0.3333333333333333,django/django,python
contextbench_verified::SWE-Bench-Verified__python__maintenance__bugfix__5c1509d5__647480166bfe,ok,0.5,0.4,3149,0.3333333333333333,django/django,python
contextbench_verified::SWE-Bench-Verified__python__maintenance__bugfix__46dc77a5__69331bb851c3,ok,1.0,0.16666666666666666,2349,,django/django,python
contextbench_verified::SWE-Bench-Verified__python__maintenance__bugfix__4fb8fc10__6c86495bcee2,ok,1.0,0.0625,3273,,django/django,python
contextbench_verified::SWE-Bench-Verified__python__maintenance__bugfix__31d4fe9d__6a5ef557f80a,ok,1.0,0.2,2510,,django/django,python
contextbench_verified::SWE-Bench-Verified__python__maintenance__bugfix__fd8123b1__694cf458f16b,ok,1.0,0.5714285714285714,6080,,django/django,python
contextbench_verified::SWE-Bench-Verified__python__maintenance__bugfix__1ae3c3bd__71ae1ab01235,ok,0.3333333333333333,0.5,4615,0.0,django/django,python
contextbench_verified::SWE-Bench-Verified__python__maintenance__bugfix__c9656d7a__71e7c8e73712,ok,1.0,0.09090909090909091,5847,,django/django,python
contextbench_verified::SWE-Bench-Verified__python__maintenance__bugfix__3f745086__7e6b537f5b92,ok,1.0,0.3333333333333333,4247,,django/django,python
contextbench_verified::SWE-Bench-Verified__python__maintenance__bugfix__4d207ce8__78ad4b4b0201,ok,1.0,0.14285714285714285,6052,,django/django,python
contextbench_verified::SWE-Bench-Verified__python__maintenance__bugfix__84effcbc__7af8f4127397,ok,0.75,0.3333333333333333,6108,0.6666666666666666,django/django,python
contextbench_verified::SWE-Bench-Verified__python__maintenance__bugfix__fb07ed8b__770d3e6a4ce8,ok,0.5,1.0,3820,0.0,django/django,python
contextbench_verified::Multi-SWE-Bench__go__maintenance__bugfix__03f04397__f015020bcd61,ok,1.0,0.08333333333333333,6439,,cli/cli,go
contextbench_verified::SWE-Bench-Verified__python__maintenance__bugfix__16c72e4c__7fa1a93c6c81,ok,1.0,0.05,7100,,django/django,python
contextbench_verified::SWE-Bench-Verified__python__maintenance__bugfix__768d44e5__7f9e4524d6b2,ok,1.0,0.14285714285714285,5996,1.0,django/django,python
contextbench_verified::SWE-Bench-Verified__python__maintenance__bugfix__93721db4__838e432e3e55,ok,1.0,0.25,1567,,django/django,python
contextbench_verified::SWE-Bench-Verified__python__maintenance__bugfix__681ea2b6__884b4c27f506,ok,1.0,0.07142857142857142,5838,,django/django,python
contextbench_verified::SWE-Bench-Verified__python__maintenance__bugfix__bdde6d9c__89d41cba392b,ok,0.5,0.07692307692307693,5036,0.0,django/django,python
contextbench_verified::SWE-Bench-Verified__python__maintenance__bugfix__1c5aa714__8c3bd0b708b4,ok,1.0,0.25,2749,,django/django,python
contextbench_verified::SWE-Bench-Verified__python__maintenance__bugfix__4e7b7c81__8c0886b068ba,ok,1.0,0.038461538461538464,6163,,django/django,python
contextbench_verified::SWE-Bench-Verified__python__maintenance__bugfix__80c9776a__8dd5877f58f8,ok,1.0,0.1111111111111111,5867,,django/django,python
contextbench_verified::Multi-SWE-Bench__go__maintenance__bugfix__3da242a2__8288011149e7,ok,1.0,0.10526315789473684,6440,,cli/cli,go
contextbench_verified::SWE-Bench-Verified__python__maintenance__bugfix__f3695f8d__9ffd4eae2ce7,ok,1.0,0.18181818181818182,5221,,django/django,python
contextbench_verified::SWE-Bench-Verified__python__maintenance__bugfix__a7a5e8ed__a708f39ce67a,ok,0.5,0.14285714285714285,4602,0.0,django/django,python
contextbench_verified::SWE-Bench-Verified__python__maintenance__bugfix__a5ec0eec__a754b82dac51,ok,0.3333333333333333,0.25,2748,0.0,django/django,python
contextbench_verified::SWE-Bench-Verified__python__maintenance__bugfix__914c325d__9b224579875e,ok,0.6,0.13043478260869565,5078,0.3333333333333333,django/django,python
contextbench_verified::SWE-Bench-Verified__python__maintenance__bugfix__0b74a2c7__a7e7043c8746,ok,1.0,0.1,6237,,django/django,python
contextbench_verified::SWE-Bench-Verified__python__maintenance__bugfix__e2250ebc__953f29f700a6,ok,1.0,0.0625,6199,,django/django,python
contextbench_verified::SWE-Bench-Verified__python__maintenance__bugfix__e97ac668__b1d6b35e146a,ok,0.5,0.14285714285714285,3198,0.0,django/django,python
contextbench_verified::SWE-Bench-Verified__python__maintenance__bugfix__d2a786e2__b7da588e883e,ok,0.5,0.125,1564,0.0,django/django,python
contextbench_verified::SWE-Bench-Verified__python__maintenance__bugfix__6cf8c11d__bd366ca2aeff,ok,1.0,0.05,6245,,django/django,python
contextbench_verified::SWE-Bench-Verified__python__maintenance__bugfix__1a760e52__d26b2424437d,ok,1.0,0.3333333333333333,481,,django/django,python
contextbench_verified::SWE-Bench-Verified__python__maintenance__bugfix__c923cfa8__bef6f7584280,ok,0.6666666666666666,0.10526315789473684,6759,0.5,django/django,python
contextbench_verified::SWE-Bench-Verified__python__maintenance__bugfix__96afaad2__d01709aae21d,ok,1.0,0.5,2566,,django/django,python
contextbench_verified::SWE-Bench-Verified__python__maintenance__bugfix__409b7811__c2678e49759e,ok,1.0,0.1111111111111111,5547,,django/django,python
contextbench_verified::SWE-Bench-Verified__python__maintenance__bugfix__994d041f__d89f976bddb4,ok,0.6666666666666666,0.2,4224,0.5,django/django,python
contextbench_verified::SWE-Bench-Verified__python__maintenance__bugfix__f667fa43__d90e34c61b27,ok,1.0,0.25,4138,,django/django,python
contextbench_verified::SWE-Bench-Verified__python__maintenance__bugfix__1ad7449c__de32fe83a2e4,ok,0.5,0.058823529411764705,5951,0.0,django/django,python
contextbench_verified::SWE-Bench-Verified__python__maintenance__bugfix__d105d187__dd528cb2cefc,ok,1.0,0.2,5023,1.0,django/django,python
contextbench_verified::SWE-Bench-Verified__python__maintenance__bugfix__3e44d93a__e02f67ef2d03,ok,1.0,0.07692307692307693,6198,,django/django,python
contextbench_verified::SWE-Bench-Verified__python__maintenance__bugfix__6809df19__e0442a628eb4,ok,1.0,0.5,5155,,django/django,python
contextbench_verified::SWE-Bench-Verified__python__maintenance__bugfix__7489fdd8__e065b293878b,ok,1.0,0.05263157894736842,5124,,django/django,python
contextbench_verified::SWE-Bench-Verified__python__maintenance__bugfix__b10492be__e1d673c373a7,ok,0.3333333333333333,0.3333333333333333,5155,0.0,django/django,python
contextbench_verified::SWE-Bench-Verified__python__maintenance__bugfix__dc72c033__e8fcdaad5c42,ok,1.0,0.15384615384615385,6030,,django/django,python
contextbench_verified::SWE-Bench-Verified__python__maintenance__bugfix__55a3ef80__e6588aa4e793,ok,1.0,0.2,2356,,django/django,python
contextbench_verified::SWE-Bench-Verified__python__maintenance__bugfix__dded0f96__e972620ada4f,ok,1.0,0.25,5757,1.0,django/django,python
contextbench_verified::SWE-Bench-Verified__python__maintenance__bugfix__5c82134f__ece18207cbb6,ok,1.0,0.08333333333333333,5308,,django/django,python
contextbench_verified::SWE-Bench-Verified__python__maintenance__bugfix__02b5862c__f8fab6f90233,ok,1.0,0.25,4504,,django/django,python
contextbench_verified::SWE-Bench-Verified__python__maintenance__bugfix__607f6b9e__f618e033acd3,ok,1.0,0.14285714285714285,2202,,django/django,python
contextbench_verified::SWE-Bench-Verified__python__maintenance__bugfix__90f381a2__f2051eb8a7fe,ok,0.3333333333333333,0.09090909090909091,3015,0.0,django/django,python
contextbench_verified::SWE-Bench-Verified__python__maintenance__bugfix__60b000ec__f64fd47a7627,ok,1.0,0.2,4446,,django/django,python
contextbench_verified::SWE-Bench-Verified__python__maintenance__bugfix__5555e84c__f83b44075daf,ok,1.0,0.5,3841,,django/django,python
contextbench_verified::Multi-SWE-Bench__java__maintenance__bugfix__92782c7b__5e3038a3d3fd,ok,1.0,0.1,5238,,elastic/logstash,java
contextbench_verified::Multi-SWE-Bench__java__maintenance__bugfix__14da06bc__96f7e2949d4f,ok,0.47058823529411764,0.6153846153846154,5324,0.18181818181818182,elastic/logstash,java
contextbench_verified::Multi-SWE-Bench__javascript__maintenance__bugfix__cbea412a__dc538f6e810b,ok,1.0,0.25,2208,1.0,expressjs/express,javascript
contextbench_verified::SWE-Bench-Verified__python__maintenance__bugfix__61a7a81e__fa5e7e46d875,ok,0.6666666666666666,0.36363636363636365,5346,0.6,django/django,python
contextbench_verified::Multi-SWE-Bench__c__maintenance__bugfix__8bffb1b1__04212178b501,ok,1.0,1.0,3795,,facebook/zstd,c
contextbench_verified::Multi-SWE-Bench__c__maintenance__bugfix__a47dfbbf__6b4a3e019f8e,ok,1.0,0.7142857142857143,4912,,facebook/zstd,c
contextbench_verified::SWE-Bench-Verified__python__maintenance__bugfix__05a89a66__fbe82f82555b,ok,0.25,0.25,4677,0.0,django/django,python
contextbench_verified::Multi-SWE-Bench__c__maintenance__bugfix__6b844996__e26126cacaa9,ok,1.0,0.3333333333333333,3911,,facebook/zstd,c
contextbench_verified::Multi-SWE-Bench__c__maintenance__bugfix__0f495035__a505463710aa,ok,1.0,1.0,6949,,facebook/zstd,c
contextbench_verified::Multi-SWE-Bench__c__maintenance__bugfix__f9bb5442__df09d4318f0f,ok,0.8,1.0,6160,,facebook/zstd,c
contextbench_verified::Multi-SWE-Bench__c__maintenance__bugfix__b9b45262__e8e1e13d4fcd,ok,0.6666666666666666,0.6666666666666666,4778,,facebook/zstd,c
contextbench_verified::Multi-SWE-Bench__java__maintenance__bugfix__6ba3d94b__2b53cce78c6c,clone_fail,0.0,0.0,0,,fasterxml/jackson,java
contextbench_verified::Multi-SWE-Bench__c__maintenance__bugfix__9a7be8ba__eb3a7a38270d,ok,1.0,0.8,6136,,facebook/zstd,c
contextbench_verified::Multi-SWE-Bench__java__maintenance__bugfix__5eea2978__315ac5ad2ad5,clone_fail,0.0,0.0,0,,fasterxml/jackson,java
contextbench_verified::Multi-SWE-Bench__java__maintenance__bugfix__be0b5fff__035fba395593,ok,1.0,0.125,5561,,fasterxml/jackson,java
contextbench_verified::SWE-Bench-Pro__javascript__maintenance__bugfix__593287ea__ad9cbe939948,ok,0.6,0.45,5873,0.0,element-hq/element-web,javascript
contextbench_verified::Multi-SWE-Bench__java__maintenance__bugfix__36a08326__3ed7f4572534,ok,0.5,0.18181818181818182,5809,0.3333333333333333,fasterxml/jackson,java
contextbench_verified::Multi-SWE-Bench__java__maintenance__bugfix__07d7817b__7c9e7c1e2acd,ok,0.2857142857142857,0.3333333333333333,3567,0.0,fasterxml/jackson,java
contextbench_verified::Multi-SWE-Bench__java__maintenance__bugfix__ec4f6157__ac00d648e9b4,clone_fail,0.0,0.0,0,,fasterxml/jackson,java
contextbench_verified::Multi-SWE-Bench__java__maintenance__bugfix__f0db9a27__ac6d8e22847c,clone_fail,0.0,0.0,0,,fasterxml/jackson,java
contextbench_verified::Multi-SWE-Bench__java__maintenance__bugfix__9a3d9d3f__9684204f3073,ok,0.5714285714285714,0.5714285714285714,6340,0.0,fasterxml/jackson,java
contextbench_verified::SWE-Bench-Pro__go__maintenance__bugfix__997c7afd__e432032cf2d1,ok,0.9285714285714286,1.0,6473,,flipt-io/flipt,go
contextbench_verified::SWE-Bench-Pro__go__maintenance__bugfix__40a717e5__266e5e143e87,ok,0.6428571428571429,0.8181818181818182,4611,0.16666666666666666,flipt-io/flipt,go
contextbench_verified::Multi-SWE-Bench__cpp__maintenance__bugfix__1ec2c84a__8d9d528bf52c,ok,0.5,0.2,3959,0.0,fmtlib/fmt,cpp
contextbench_verified::Multi-SWE-Bench__cpp__maintenance__bugfix__8ebb764e__cfc05e05f08d,ok,1.0,0.08333333333333333,4651,,fmtlib/fmt,cpp
contextbench_verified::Multi-SWE-Bench__cpp__maintenance__bugfix__3e497d27__e3ddede6c4ee,ok,0.6666666666666666,0.4,2228,0.0,fmtlib/fmt,cpp
contextbench_verified::SWE-Bench-Pro__javascript__maintenance__bugfix__39a9746b__f97cef80aed8,ok,0.75,0.75,4771,0.0,element-hq/element-web,javascript
contextbench_verified::Multi-SWE-Bench__java__maintenance__bugfix__747c7f60__3f4ac29f9112,ok,0.5,0.25,5486,0.0,google/gson,java
contextbench_verified::Multi-SWE-Bench__java__maintenance__bugfix__2bd87230__dd733c4c5c48,ok,1.0,0.1111111111111111,2712,,fasterxml/jackson,java
contextbench_verified::Multi-SWE-Bench__go__maintenance__bugfix__74cafcca__45bd2846a34b,ok,1.0,0.058823529411764705,6731,,grpc/grpc,go
contextbench_verified::SWE-Bench-Pro__go__maintenance__bugfix__720b4d92__43b46cb324f6,ok,0.8181818181818182,1.0,4851,0.0,future-architect/vuls,go
contextbench_verified::SWE-PolyBench__python__maintenance__bugfix__016ce55c__1e1cb6f8e5af,ok,0.4,0.3333333333333333,5242,0.25,huggingface/transformers,python
contextbench_verified::SWE-PolyBench__python__maintenance__bugfix__b01e9113__17b06e2c6650,ok,1.0,0.16666666666666666,6987,,huggingface/transformers,python
contextbench_verified::SWE-PolyBench__python__evolution__feature__7fe6d907__3cefac1d974d,ok,0.6666666666666666,0.5714285714285714,6476,0.3333333333333333,huggingface/transformers,python
contextbench_verified::SWE-PolyBench__python__evolution__feature__17a093c8__3d320c78c323,ok,0.4,0.2857142857142857,6964,0.25,huggingface/transformers,python
contextbench_verified::SWE-PolyBench__python__maintenance__bugfix__5518cb7f__3a8de58c5192,ok,0.5,0.125,6984,0.0,huggingface/transformers,python
contextbench_verified::SWE-PolyBench__python__maintenance__bugfix__158909b8__43ee58588be4,ok,1.0,0.5,5249,,huggingface/transformers,python
contextbench_verified::SWE-PolyBench__python__evolution__feature__8bb50331__408b2d2bd08f,ok,0.8,0.5714285714285714,5879,0.0,huggingface/transformers,python
contextbench_verified::SWE-PolyBench__python__maintenance__bugfix__023915d6__45b70384a7d6,ok,0.5,0.6666666666666666,1052,0.0,huggingface/transformers,python
contextbench_verified::SWE-PolyBench__python__maintenance__bugfix__214ce29d__4cbd50e611e5,ok,1.0,0.047619047619047616,6371,,huggingface/transformers,python
contextbench_verified::SWE-PolyBench__python__maintenance__bugfix__dbd7cde5__75b8990d9068,ok,1.0,0.3333333333333333,1992,,huggingface/transformers,python
contextbench_verified::SWE-Bench-Pro__go__maintenance__bugfix__6efcf999__91cc1b9fc382,ok,0.6666666666666666,0.8235294117647058,5745,0.0,flipt-io/flipt,go
contextbench_verified::SWE-PolyBench__python__maintenance__bugfix__453fb844__8e908c8c74f5,ok,1.0,0.16666666666666666,7080,,huggingface/transformers,python
contextbench_verified::SWE-PolyBench__python__maintenance__bugfix__91e6ed53__0bb17295f04e,ok,1.0,0.16666666666666666,4732,,huggingface/transformers,python
contextbench_verified::SWE-PolyBench__python__evolution__feature__4a329645__8481ecefbd7e,ok,1.0,0.15384615384615385,7136,1.0,huggingface/transformers,python
contextbench_verified::SWE-PolyBench__python__maintenance__bugfix__40f09c26__07ae53e6e77e,ok,1.0,0.047619047619047616,6599,,huggingface/transformers,python
contextbench_verified::SWE-PolyBench__python__maintenance__bugfix__6ef81275__78b7debf56ef,ok,0.5,0.14285714285714285,4504,0.0,huggingface/transformers,python
contextbench_verified::SWE-PolyBench__python__evolution__feature__b4302840__99ba36e72fe7,ok,1.0,0.07692307692307693,6305,,huggingface/transformers,python
contextbench_verified::SWE-PolyBench__python__maintenance__bugfix__e3c9c53c__c4f7eb124b21,ok,1.0,0.3333333333333333,2556,,huggingface/transformers,python
contextbench_verified::SWE-Bench-Pro__javascript__maintenance__bugfix__5c001746__c9d9c421bc7e,ok,0.5714285714285714,0.8,6492,0.0,element-hq/element-web,javascript
contextbench_verified::SWE-PolyBench__python__maintenance__bugfix__9a72b241__ca2d0f98c4a8,ok,0.5,0.25,6084,0.0,huggingface/transformers,python
contextbench_verified::SWE-PolyBench__python__maintenance__bugfix__14ce2fa9__9088fcae82f4,ok,1.0,0.6,6695,,huggingface/transformers,python
contextbench_verified::SWE-PolyBench__python__maintenance__bugfix__5acd9675__d35e0c62477d,ok,0.5,0.5,3897,0.0,huggingface/transformers,python
contextbench_verified::SWE-PolyBench__python__maintenance__bugfix__2f88019c__cdfa56afe02c,ok,1.0,0.3333333333333333,5796,,huggingface/transformers,python
contextbench_verified::SWE-PolyBench__python__maintenance__bugfix__84e0afe2__d7389cd20168,ok,1.0,0.2,6804,,huggingface/transformers,python
contextbench_verified::SWE-PolyBench__python__maintenance__bugfix__9ff56151__d76d2a2af7ba,ok,0.75,0.6,4750,0.0,huggingface/transformers,python
contextbench_verified::SWE-PolyBench__python__maintenance__bugfix__5188c6bc__dafa296c952c,ok,1.0,0.16666666666666666,4376,,huggingface/transformers,python
contextbench_verified::SWE-PolyBench__python__evolution__feature__c0e4893c__b61d5b47f640,ok,1.0,0.2222222222222222,6182,1.0,huggingface/transformers,python
contextbench_verified::SWE-PolyBench__python__evolution__feature__674464fb__edb170238feb,ok,1.0,0.16666666666666666,5649,,huggingface/transformers,python
contextbench_verified::SWE-PolyBench__python__evolution__feature__66f97093__f4dc26d46687,ok,0.5,0.3333333333333333,6557,0.0,huggingface/transformers,python
contextbench_verified::SWE-PolyBench__python__maintenance__bugfix__faa6b3ac__f8208fa45603,ok,1.0,0.15384615384615385,6153,,huggingface/transformers,python
contextbench_verified::SWE-PolyBench__python__maintenance__bugfix__ac5893a5__cd73b9a8c140,ok,1.0,0.16666666666666666,6553,,huggingface/transformers,python
contextbench_verified::Multi-SWE-Bench__javascript__maintenance__bugfix__b31d2f53__5a108ff3159c,ok,0.4,0.5,180,0.25,iamkun/dayjs,javascript
contextbench_verified::Multi-SWE-Bench__javascript__maintenance__bugfix__87d9772c__72cdb20552dd,ok,1.0,0.07142857142857142,2364,,iamkun/dayjs,javascript
contextbench_verified::Multi-SWE-Bench__javascript__maintenance__bugfix__72488b59__9ad2e47e0569,ok,1.0,0.1111111111111111,1624,,iamkun/dayjs,javascript
contextbench_verified::SWE-PolyBench__python__maintenance__bugfix__2a9201a9__a3aabc702e1c,ok,0.4,0.5,6015,0.0,huggingface/transformers,python
contextbench_verified::Multi-SWE-Bench__javascript__maintenance__bugfix__2d9d9f71__b1abdc40ee6c,ok,1.0,0.5,2037,,iamkun/dayjs,javascript
contextbench_verified::Multi-SWE-Bench__javascript__maintenance__bugfix__5b47b0dd__cc993f0a8d18,ok,1.0,0.045454545454545456,3810,,iamkun/dayjs,javascript
contextbench_verified::Multi-SWE-Bench__javascript__maintenance__bugfix__3d84a3a4__bcea06730da2,ok,1.0,0.3,3869,,iamkun/dayjs,javascript
contextbench_verified::Multi-SWE-Bench__javascript__maintenance__bugfix__eea782b2__f68e4b1a29fc,ok,1.0,0.14285714285714285,3103,,iamkun/dayjs,javascript
contextbench_verified::SWE-PolyBench__python__maintenance__bugfix__70acfaad__b27aa206ddf3,ok,1.0,0.2,4957,,huggingface/transformers,python
contextbench_verified::SWE-Bench-Pro__python__maintenance__bugfix__ab946da6__73e4b70aa3ad,ok,0.4444444444444444,0.8,4116,0.0,internetarchive/openlibrary,python
contextbench_verified::SWE-Bench-Pro__python__maintenance__bugfix__81c5c6fa__34099a36bcd3,ok,1.0,0.5384615384615384,5670,1.0,internetarchive/openlibrary,python
contextbench_verified::SWE-Bench-Pro__python__maintenance__bugfix__7c2efe8a__77c16d530b4d,ok,0.8571428571428571,0.5454545454545454,4869,0.0,internetarchive/openlibrary,python
contextbench_verified::SWE-Bench-Pro__python__maintenance__bugfix__d9d9c3a6__80f511d3344a,ok,0.42857142857142855,0.75,4465,0.0,internetarchive/openlibrary,python
contextbench_verified::SWE-Bench-Pro__python__maintenance__bugfix__53ca6a30__9d9f3a199838,ok,0.8571428571428571,0.5,6284,0.5,internetarchive/openlibrary,python
contextbench_verified::SWE-Bench-Pro__python__maintenance__bugfix__fcb506a5__a6145ca7f357,ok,0.4,0.6666666666666666,5655,0.0,internetarchive/openlibrary,python
contextbench_verified::SWE-Bench-Pro__python__maintenance__bugfix__95b4abc1__daf93507208f,ok,0.6363636363636364,1.0,4984,0.0,internetarchive/openlibrary,python
contextbench_verified::Multi-SWE-Bench__c__maintenance__bugfix__538e9f59__4b4fefa25434,ok,1.0,0.3333333333333333,2634,,jqlang/jq,c
contextbench_verified::Multi-SWE-Bench__c__maintenance__bugfix__cdbc5890__7f547827e47b,ok,1.0,0.5,5326,,jqlang/jq,c
contextbench_verified::Multi-SWE-Bench__c__maintenance__bugfix__49f4a0f4__c077b95ba2dc,ok,1.0,0.07142857142857142,4066,,jqlang/jq,c
contextbench_verified::SWE-Bench-Pro__python__maintenance__bugfix__607fc4ff__e9e9d8be33f0,ok,0.6363636363636364,1.0,6742,0.0,internetarchive/openlibrary,python
contextbench_verified::SWE-PolyBench__python__maintenance__bugfix__0cf27f56__10a008fac10e,ok,0.5,0.25,6561,0.0,keras-team/keras,python
contextbench_verified::SWE-PolyBench__python__maintenance__bugfix__64a006b0__1c60668f6bdd,ok,1.0,0.3333333333333333,6017,,keras-team/keras,python
contextbench_verified::SWE-PolyBench__python__maintenance__bugfix__31f7341a__26abe697a880,ok,0.25,0.25,5263,0.0,keras-team/keras,python
contextbench_verified::SWE-PolyBench__python__maintenance__bugfix__380568e9__880f0cdd6759,ok,1.0,0.3333333333333333,2551,,keras-team/keras,python
contextbench_verified::SWE-PolyBench__python__evolution__refactor__57ad5598__10252a9e7d68,ok,1.0,0.25,3575,1.0,keras-team/keras,python
contextbench_verified::SWE-PolyBench__python__maintenance__bugfix__ea5a4764__a243d91e43b4,ok,1.0,1.0,4450,,keras-team/keras,python
contextbench_verified::SWE-PolyBench__python__maintenance__bugfix__2b00c0d1__d7cb5e138ec1,ok,0.5,0.5,5946,0.0,huggingface/transformers,python
contextbench_verified::SWE-PolyBench__python__evolution__feature__ebb79d55__fda125638f53,ok,1.0,1.0,6369,,huggingface/transformers,python
contextbench_verified::SWE-PolyBench__python__maintenance__bugfix__b110ef6c__a2e9a5252d2e,ok,1.0,0.14285714285714285,5806,,keras-team/keras,python
contextbench_verified::SWE-PolyBench__python__maintenance__bugfix__3f3ff585__ec67b760ba25,ok,1.0,0.4,4157,1.0,keras-team/keras,python
contextbench_verified::SWE-PolyBench__python__maintenance__bugfix__3bb9721e__de9255de27ab,ok,0.6666666666666666,0.14285714285714285,6748,0.0,huggingface/transformers,python
contextbench_verified::SWE-PolyBench__python__maintenance__bugfix__24342259__6a9bc4c051f0,ok,1.0,0.08333333333333333,5712,,keras-team/keras,python
contextbench_verified::SWE-PolyBench__python__maintenance__bugfix__8b1080ea__f6cf6a0e77dd,ok,0.2857142857142857,0.25,6311,0.16666666666666666,keras-team/keras,python
contextbench_verified::SWE-PolyBench__python__maintenance__bugfix__8c189fda__c8a5a8969a87,ok,0.25,0.16666666666666666,5288,0.0,keras-team/keras,python
contextbench_verified::SWE-PolyBench__python__maintenance__bugfix__aaf309d2__aa383559999b,ok,0.4,0.1,5564,0.25,langchain-ai/langchain,python
contextbench_verified::SWE-PolyBench__python__maintenance__bugfix__b52bbc24__4c572ffe9599,ok,1.0,0.06666666666666667,6062,,langchain-ai/langchain,python
contextbench_verified::SWE-PolyBench__python__maintenance__bugfix__52a91dd8__28d627739601,ok,0.8333333333333334,0.16129032258064516,4961,0.75,langchain-ai/langchain,python
contextbench_verified::SWE-Bench-Verified__python__maintenance__bugfix__67bcb30f__5ca694b38d86,ok,1.0,0.3333333333333333,6674,,matplotlib/matplotlib,python
contextbench_verified::SWE-PolyBench__python__evolution__feature__9e2901b5__5fc7bb01e9d6,ok,0.25,0.125,5093,0.0,langchain-ai/langchain,python
contextbench_verified::SWE-Bench-Verified__python__maintenance__bugfix__67699b64__3eadeacc06c9,ok,0.25,0.1,5500,0.0,matplotlib/matplotlib,python
contextbench_verified::SWE-Bench-Verified__python__maintenance__bugfix__497d4650__2aee6ccd7c7e,ok,0.5,0.125,3681,0.0,matplotlib/matplotlib,python
contextbench_verified::SWE-Bench-Verified__python__maintenance__bugfix__a8414dbd__430fb1db8884,ok,0.5,0.1111111111111111,5197,0.0,matplotlib/matplotlib,python
contextbench_verified::SWE-Bench-Verified__python__maintenance__bugfix__a571e81e__5ec2bd279729,ok,1.0,0.5,6819,,matplotlib/matplotlib,python
contextbench_verified::SWE-Bench-Verified__python__maintenance__bugfix__5d44a351__6786f437df54,ok,1.0,0.3333333333333333,2349,,matplotlib/matplotlib,python
contextbench_verified::SWE-Bench-Verified__python__maintenance__bugfix__09457b9b__66ba515e6716,ok,0.3333333333333333,1.0,3300,0.0,matplotlib/matplotlib,python
contextbench_verified::SWE-Bench-Verified__python__maintenance__bugfix__2d984316__9d22ab09d52d,ok,1.0,0.5,5438,,matplotlib/matplotlib,python
contextbench_verified::SWE-Bench-Verified__python__maintenance__bugfix__a14d0e2e__8f0003ae9029,ok,1.0,0.5,4754,,matplotlib/matplotlib,python
contextbench_verified::SWE-Bench-Verified__python__maintenance__bugfix__7ccc36b7__97fc1154992f,ok,1.0,0.3333333333333333,5350,,matplotlib/matplotlib,python
contextbench_verified::SWE-Bench-Verified__python__maintenance__bugfix__ce7f17a5__7fdf772201e4,ok,1.0,0.13333333333333333,5756,,matplotlib/matplotlib,python
contextbench_verified::SWE-Bench-Verified__python__maintenance__bugfix__34e61891__a0d2e399729d,ok,1.0,0.07142857142857142,5441,,matplotlib/matplotlib,python
contextbench_verified::SWE-Bench-Verified__python__maintenance__bugfix__42ae5e9f__a2a1b0a11b99,ok,1.0,0.125,2049,,matplotlib/matplotlib,python
contextbench_verified::SWE-Bench-Verified__python__maintenance__bugfix__35f76ab1__c6c7ec1978c2,ok,1.0,0.3333333333333333,5051,,matplotlib/matplotlib,python
contextbench_verified::SWE-Bench-Verified__python__maintenance__bugfix__9c470c46__a7b7260bf06c,ok,1.0,0.3333333333333333,4993,,matplotlib/matplotlib,python
contextbench_verified::SWE-Bench-Verified__python__maintenance__bugfix__3146e19b__f0f133943d3e,ok,0.3333333333333333,0.2,5237,0.0,matplotlib/matplotlib,python
contextbench_verified::SWE-Bench-Verified__python__maintenance__bugfix__bebfd692__d65c9ca20ddf,ok,0.6,0.75,5585,0.0,matplotlib/matplotlib,python
contextbench_verified::SWE-PolyBench__typescript__maintenance__bugfix__2487b02a__384b03f26310,ok,1.0,0.16666666666666666,4794,,microsoft/vscode,typescript
contextbench_verified::SWE-PolyBench__typescript__maintenance__bugfix__16d1ff7a__88ffbc7a7a81,ok,1.0,0.125,4132,,microsoft/vscode,typescript
contextbench_verified::SWE-PolyBench__typescript__maintenance__bugfix__22615f27__1a599e2d1792,ok,1.0,0.3333333333333333,4050,,microsoft/vscode,typescript
contextbench_verified::SWE-PolyBench__typescript__maintenance__bugfix__48468065__440e61ffab2b,ok,1.0,0.07692307692307693,4600,,microsoft/vscode,typescript
contextbench_verified::Multi-SWE-Bench__java__maintenance__bugfix__1665de74__a0214364c36c,ok,1.0,0.9166666666666666,5236,,mockito/mockito,java
contextbench_verified::SWE-PolyBench__typescript__maintenance__bugfix__4f3cb6be__a993ada9300a,ok,0.5,1.0,2791,0.0,microsoft/vscode,typescript
contextbench_verified::Multi-SWE-Bench__typescript__maintenance__bugfix__05c9e61e__194670d1cab8,ok,0.5,0.2,5658,0.0,mui/material,typescript
contextbench_verified::SWE-PolyBench__typescript__maintenance__bugfix__708894b2__8c76afad6ccf,ok,1.0,0.5454545454545454,5648,,microsoft/vscode,typescript
contextbench_verified::Multi-SWE-Bench__typescript__maintenance__bugfix__04b981d7__0ba283880545,ok,1.0,0.3333333333333333,1898,,mui/material,typescript
contextbench_verified::Multi-SWE-Bench__typescript__maintenance__bugfix__9bdfae2c__0f8eb07edbf2,ok,1.0,0.8571428571428571,3836,,mui/material,typescript
contextbench_verified::SWE-PolyBench__typescript__maintenance__bugfix__7d106697__cf4b5a703f58,ok,1.0,0.06666666666666667,5144,,microsoft/vscode,typescript
contextbench_verified::Multi-SWE-Bench__typescript__maintenance__bugfix__73fc043b__414c2ad63dd7,ok,1.0,0.3333333333333333,810,,mui/material,typescript
contextbench_verified::Multi-SWE-Bench__typescript__maintenance__bugfix__c3284db4__375358b6f7d0,ok,1.0,0.2857142857142857,4872,,mui/material,typescript
contextbench_verified::Multi-SWE-Bench__typescript__maintenance__bugfix__05c53458__38ac830eedf6,ok,1.0,0.3076923076923077,4868,,mui/material,typescript
contextbench_verified::Multi-SWE-Bench__typescript__maintenance__bugfix__8d0f55cd__43a929dda5a0,ok,1.0,0.1111111111111111,1600,,mui/material,typescript
contextbench_verified::Multi-SWE-Bench__typescript__maintenance__bugfix__898aa1de__6b9cee5d5233,ok,1.0,0.16666666666666666,3243,,mui/material,typescript
contextbench_verified::Multi-SWE-Bench__typescript__maintenance__bugfix__1ac0bb81__6a96f9ca2297,ok,1.0,0.1,1974,,mui/material,typescript
contextbench_verified::Multi-SWE-Bench__typescript__maintenance__bugfix__a7aba10f__75404f9ff099,ok,0.75,0.23076923076923078,4725,0.5,mui/material,typescript
contextbench_verified::Multi-SWE-Bench__typescript__maintenance__bugfix__0b0f1e0e__984645eb1a76,ok,1.0,0.3333333333333333,998,,mui/material,typescript
contextbench_verified::Multi-SWE-Bench__typescript__maintenance__bugfix__9907b12d__b1d2e8d375be,ok,0.5,0.3333333333333333,716,0.0,mui/material,typescript
contextbench_verified::Multi-SWE-Bench__typescript__maintenance__bugfix__8d36ca39__b00bdc767032,ok,1.0,0.13333333333333333,6223,,mui/material,typescript
contextbench_verified::Multi-SWE-Bench__typescript__maintenance__bugfix__3cb539ec__b3548fabeab1,ok,0.21428571428571427,0.25,3908,0.15384615384615385,mui/material,typescript
contextbench_verified::Multi-SWE-Bench__typescript__maintenance__bugfix__6f9b5ff2__bca4565b43b4,ok,1.0,0.3333333333333333,1878,,mui/material,typescript
contextbench_verified::Multi-SWE-Bench__typescript__maintenance__bugfix__4c3f5d3d__d9e863562f73,ok,1.0,0.1111111111111111,4557,,mui/material,typescript
contextbench_verified::Multi-SWE-Bench__typescript__maintenance__bugfix__b8bf59e7__f22b27378ee9,ok,1.0,0.3333333333333333,4055,,mui/material,typescript
contextbench_verified::Multi-SWE-Bench__typescript__maintenance__bugfix__41a5a6f5__fa62bf35e109,ok,1.0,0.14285714285714285,4009,,mui/material,typescript
contextbench_verified::SWE-PolyBench__typescript__maintenance__bugfix__2bb4ea7a__04fae47c2a87,ok,1.0,0.05,6257,,mui/material-ui,typescript
contextbench_verified::SWE-PolyBench__typescript__evolution__feature__684a3415__09896d42e620,ok,1.0,0.17857142857142858,6256,,mui/material-ui,typescript
contextbench_verified::SWE-PolyBench__typescript__maintenance__bugfix__18d389e5__13ac4ce9239e,ok,0.5,0.16666666666666666,1179,0.0,mui/material-ui,typescript
contextbench_verified::SWE-PolyBench__typescript__maintenance__bugfix__2d1b4a72__13b3a0d31947,ok,1.0,0.11538461538461539,5777,,mui/material-ui,typescript
contextbench_verified::Multi-SWE-Bench__typescript__maintenance__bugfix__5aed9f96__fca2ddf44ce5,ok,0.631578947368421,1.0,4038,0.0,mui/material,typescript
contextbench_verified::SWE-PolyBench__typescript__evolution__feature__07098661__18aa6293ad8b,ok,1.0,0.14285714285714285,4681,,mui/material-ui,typescript
contextbench_verified::SWE-PolyBench__typescript__evolution__feature__d520ba22__182d4dc7726f,ok,1.0,0.25,5496,,mui/material-ui,typescript
contextbench_verified::SWE-PolyBench__typescript__evolution__feature__c2e9e5ff__20cd3e33ae60,ok,1.0,0.42857142857142855,5736,,mui/material-ui,typescript
contextbench_verified::SWE-PolyBench__typescript__maintenance__bugfix__7dfdbbd1__436e461dfd36,ok,1.0,0.125,4184,,mui/material-ui,typescript
contextbench_verified::SWE-PolyBench__typescript__maintenance__bugfix__15589352__1e09429e1804,ok,1.0,0.4,1404,1.0,mui/material-ui,typescript
contextbench_verified::SWE-PolyBench__typescript__maintenance__bugfix__6da325be__550e949bab55,ok,1.0,0.14285714285714285,1811,,mui/material-ui,typescript
contextbench_verified::SWE-PolyBench__typescript__maintenance__bugfix__48e5846a__56520e757e00,ok,1.0,1.0,4401,,mui/material-ui,typescript
contextbench_verified::SWE-PolyBench__typescript__maintenance__bugfix__2bfb742a__5a794bd4974b,ok,1.0,0.05263157894736842,4467,,mui/material-ui,typescript
contextbench_verified::SWE-PolyBench__typescript__evolution__feature__34826a6a__567e6cf97dce,ok,1.0,0.2777777777777778,4523,,mui/material-ui,typescript
contextbench_verified::SWE-PolyBench__typescript__maintenance__bugfix__7827bc22__5a983eadb806,ok,1.0,0.125,4557,,mui/material-ui,typescript
contextbench_verified::SWE-PolyBench__typescript__maintenance__bugfix__0307e40c__6ef44f1cf8fd,ok,0.5,0.041666666666666664,6515,0.0,mui/material-ui,typescript
contextbench_verified::SWE-PolyBench__typescript__maintenance__bugfix__52180d42__b29c294f55f0,ok,1.0,0.25,1120,,mui/material-ui,typescript
contextbench_verified::SWE-PolyBench__typescript__maintenance__bugfix__27393dd8__c99bd0dbbfdc,ok,1.0,0.125,3286,,mui/material-ui,typescript
contextbench_verified::SWE-PolyBench__typescript__maintenance__bugfix__6688f2d9__b8a28e13dc08,ok,1.0,0.125,1411,,mui/material-ui,typescript
contextbench_verified::SWE-PolyBench__typescript__maintenance__bugfix__1de1bd3c__dfe2779b8b64,ok,1.0,0.05,6879,,mui/material-ui,typescript
contextbench_verified::SWE-PolyBench__typescript__maintenance__bugfix__3864c137__d11ef0f82f1e,ok,1.0,1.0,4499,,mui/material-ui,typescript
contextbench_verified::SWE-PolyBench__typescript__maintenance__bugfix__6659fd5a__e1705939cb75,ok,1.0,0.6666666666666666,3277,,mui/material-ui,typescript
contextbench_verified::SWE-PolyBench__typescript__maintenance__bugfix__678fa217__f588d8fdf63b,ok,1.0,0.1111111111111111,4238,,mui/material-ui,typescript
contextbench_verified::SWE-Bench-Pro__go__maintenance__bugfix__d3c56cc5__128b626ec933,ok,0.6875,0.6111111111111112,5595,0.2857142857142857,navidrome/navidrome,go
contextbench_verified::Multi-SWE-Bench__cpp__maintenance__bugfix__7c9ef76c__2d48a4d9c5e8,ok,0.7,1.0,4371,0.0,nlohmann/json,cpp
contextbench_verified::Multi-SWE-Bench__cpp__maintenance__bugfix__4a37a167__5ba0f65c3483,ok,1.0,0.42857142857142855,4555,,nlohmann/json,cpp
contextbench_verified::Multi-SWE-Bench__cpp__maintenance__bugfix__6a4e21e9__bbdb29c6583e,ok,0.75,0.75,4197,0.5,nlohmann/json,cpp
contextbench_verified::Multi-SWE-Bench__cpp__maintenance__bugfix__fe080aac__ee32bfc1c263,ok,1.0,0.8,6559,,nlohmann/json,cpp
contextbench_verified::SWE-Bench-Pro__go__maintenance__bugfix__4df06349__537e2fc033b7,ok,1.0,0.5,5717,,navidrome/navidrome,go
contextbench_verified::SWE-Bench-Verified__python__maintenance__bugfix__2e76c8cd__7ee9ceb71e86,ok,1.0,0.3333333333333333,4948,,pallets/flask,python
contextbench_verified::Multi-SWE-Bench__c__maintenance__bugfix__5dc9809e__0c88dd775087,ok,0.6,0.75,3848,0.0,ponylang/ponyc,c
contextbench_verified::Multi-SWE-Bench__c__maintenance__bugfix__45da4482__12466227bb25,ok,0.7777777777777778,0.6363636363636364,6867,,ponylang/ponyc,c
contextbench_verified::Multi-SWE-Bench__c__maintenance__bugfix__b8c88ac8__25fa3b158281,ok,0.8,1.0,6399,0.0,ponylang/ponyc,c
contextbench_verified::Multi-SWE-Bench__c__maintenance__bugfix__d22bf206__336000f43856,ok,1.0,0.6666666666666666,4859,,ponylang/ponyc,c
contextbench_verified::Multi-SWE-Bench__c__maintenance__bugfix__634fe9b8__3ed6c09a5f41,ok,1.0,0.1,3809,,ponylang/ponyc,c
contextbench_verified::Multi-SWE-Bench__c__maintenance__bugfix__5e659108__682b45d3abd7,ok,0.75,0.13636363636363635,6233,0.6666666666666666,ponylang/ponyc,c
contextbench_verified::Multi-SWE-Bench__c__maintenance__bugfix__0f94ce4d__8ae0ecd7dcc1,ok,1.0,0.4166666666666667,4410,,ponylang/ponyc,c
contextbench_verified::Multi-SWE-Bench__rust__maintenance__bugfix__16860730__5417c89387b6,ok,0.8421052631578947,0.9411764705882353,6199,,nushell/nushell,rust
contextbench_verified::Multi-SWE-Bench__c__maintenance__bugfix__1ac60ce9__9e26f0ac4b65,ok,1.0,0.14285714285714285,2819,,ponylang/ponyc,c
contextbench_verified::Multi-SWE-Bench__c__maintenance__bugfix__39769692__ae5fabe6fdf7,ok,0.3953488372093023,1.0,5094,0.0,ponylang/ponyc,c
contextbench_verified::Multi-SWE-Bench__c__maintenance__bugfix__7b474035__ca368192917b,ok,0.5555555555555556,0.8333333333333334,6363,0.0,ponylang/ponyc,c
contextbench_verified::Multi-SWE-Bench__c__maintenance__bugfix__8f9042e3__d34dce667acc,ok,1.0,0.8,3106,,ponylang/ponyc,c
contextbench_verified::Multi-SWE-Bench__c__maintenance__bugfix__1e842312__f00f95b30dd6,ok,0.75,0.2,4233,0.5,ponylang/ponyc,c
contextbench_verified::Multi-SWE-Bench__c__maintenance__bugfix__1e195cd6__f8a2feebba3a,ok,1.0,0.5,2879,,ponylang/ponyc,c
contextbench_verified::SWE-PolyBench__javascript__maintenance__bugfix__10ab7842__237e6f44bc75,ok,0.5,0.25,2780,0.0,prettier/prettier,javascript
contextbench_verified::SWE-PolyBench__javascript__maintenance__bugfix__3b6e6f3a__19545e049ea4,ok,0.75,0.17647058823529413,4744,0.5,prettier/prettier,javascript
contextbench_verified::SWE-PolyBench__javascript__maintenance__bugfix__9b08d665__3147244f55e6,ok,0.5,0.15384615384615385,5681,0.0,prettier/prettier,javascript
contextbench_verified::SWE-PolyBench__javascript__maintenance__bugfix__108b2d38__6905b39ec7bc,ok,0.8,0.3076923076923077,4689,0.6666666666666666,prettier/prettier,javascript
contextbench_verified::SWE-PolyBench__javascript__maintenance__bugfix__d6eb75d7__6e68f7495fba,ok,0.25,0.25,2692,0.0,prettier/prettier,javascript
contextbench_verified::SWE-PolyBench__javascript__maintenance__bugfix__c017c9ba__affa24ce764b,ok,0.25,0.5,5114,0.0,prettier/prettier,javascript
contextbench_verified::SWE-PolyBench__javascript__maintenance__bugfix__463d4713__bef646d4a4d2,ok,0.5,0.2222222222222222,5349,0.3333333333333333,prettier/prettier,javascript
contextbench_verified::SWE-PolyBench__javascript__maintenance__bugfix__2d7a3934__d1c97b362219,ok,0.8,0.8,3146,0.0,prettier/prettier,javascript
contextbench_verified::SWE-PolyBench__javascript__maintenance__bugfix__21086305__c8133f8afabb,ok,0.6,0.23076923076923078,3196,0.3333333333333333,prettier/prettier,javascript
contextbench_verified::SWE-Bench-Verified__python__maintenance__bugfix__88e1ffd3__22623bd8c265,ok,1.0,0.5,3862,,psf/requests,python
contextbench_verified::SWE-Bench-Verified__python__maintenance__bugfix__e989ba2d__0192aac24123,ok,0.6666666666666666,0.2857142857142857,5843,0.5,psf/requests,python
contextbench_verified::SWE-Bench-Verified__python__maintenance__bugfix__90532e38__19b088636eb7,ok,1.0,0.6666666666666666,5167,1.0,pydata/xarray,python
contextbench_verified::SWE-Bench-Verified__python__maintenance__bugfix__cb2c6ff3__51d37d1be955,ok,0.3333333333333333,0.25,6173,0.0,pydata/xarray,python
contextbench_verified::SWE-Bench-Verified__python__maintenance__bugfix__20eb5bc8__37522e991a32,ok,1.0,0.058823529411764705,6061,,pydata/xarray,python
contextbench_verified::SWE-Bench-Verified__python__maintenance__bugfix__ec975b6c__51ef2a66c4e0,ok,0.5,0.25,5956,0.3333333333333333,pydata/xarray,python
contextbench_verified::SWE-Bench-Verified__python__maintenance__bugfix__d3bf673c__6bb2b855498b,ok,0.3333333333333333,1.0,1754,0.0,pydata/xarray,python
contextbench_verified::SWE-Bench-Verified__python__maintenance__bugfix__42c77239__7c4e2ac83f7b,ok,0.5,0.5,5271,0.0,pydata/xarray,python
contextbench_verified::SWE-Bench-Verified__python__maintenance__bugfix__4f685b8e__851dadeb0338,ok,0.5,0.1111111111111111,3366,0.0,pydata/xarray,python
contextbench_verified::SWE-Bench-Verified__python__maintenance__bugfix__220feee3__cc183652bf6e,ok,0.3333333333333333,0.1111111111111111,6114,0.0,pydata/xarray,python
contextbench_verified::SWE-Bench-Verified__python__maintenance__bugfix__1409977d__1e55ae64624d,ok,0.6666666666666666,0.4,5233,0.0,pylint-dev/pylint,python
contextbench_verified::SWE-Bench-Verified__python__maintenance__bugfix__982277e4__19ad5889353c,ok,1.0,0.07692307692307693,6129,,pytest-dev/pytest,python
contextbench_verified::SWE-Bench-Verified__python__maintenance__bugfix__da598baa__1f8c4d9eb185,ok,1.0,0.1875,5984,,pylint-dev/pylint,python
contextbench_verified::SWE-Bench-Verified__python__maintenance__bugfix__e5236b5f__3c1534944cbd,ok,1.0,0.08333333333333333,5407,,pytest-dev/pytest,python
contextbench_verified::SWE-Bench-Verified__python__maintenance__bugfix__c2f0f2be__5e7f1ab4bf58,ok,0.3333333333333333,0.14285714285714285,3674,0.0,pytest-dev/pytest,python
contextbench_verified::SWE-Bench-Verified__python__maintenance__bugfix__abb9b8b0__da9a2b584eb7,ok,1.0,0.1111111111111111,3924,,pytest-dev/pytest,python
contextbench_verified::SWE-Bench-Verified__python__maintenance__bugfix__0eecae1e__e6e300e729dd,ok,1.0,0.16666666666666666,3330,,pytest-dev/pytest,python
contextbench_verified::SWE-Bench-Pro__python__maintenance__bugfix__89932d58__0e624e64695e,ok,1.0,0.5,5113,,qutebrowser/qutebrowser,python
contextbench_verified::SWE-Bench-Pro__python__maintenance__bugfix__36b8c9ee__6c653125d95a,ok,0.5,0.22727272727272727,5729,0.0,qutebrowser/qutebrowser,python
contextbench_verified::SWE-Bench-Pro__python__maintenance__bugfix__71253eae__487f90443cd1,ok,0.5,0.8,7285,0.0,qutebrowser/qutebrowser,python
contextbench_verified::SWE-Bench-Pro__python__maintenance__bugfix__20f502e0__6e7bb038fdab,ok,0.5714285714285714,0.5714285714285714,6774,0.0,qutebrowser/qutebrowser,python
contextbench_verified::SWE-Bench-Pro__python__maintenance__bugfix__64fffdfa__8e08f046aeff,ok,0.6666666666666666,0.8,6653,0.0,qutebrowser/qutebrowser,python
contextbench_verified::Multi-SWE-Bench__rust__maintenance__bugfix__1b6e3d94__2de810e97d5c,ok,1.0,0.058823529411764705,4279,,rayon-rs/rayon,rust
contextbench_verified::SWE-Bench-Pro__python__maintenance__bugfix__c1f435de__a6171337f956,ok,0.6666666666666666,1.0,6668,0.0,qutebrowser/qutebrowser,python
contextbench_verified::SWE-Bench-Verified__python__maintenance__bugfix__8971eeba__06632c0d1851,ok,1.0,0.05,5952,,scikit-learn/scikit-learn,python
contextbench_verified::SWE-Bench-Verified__python__maintenance__bugfix__bdec299d__1c8668b0a021,ok,1.0,0.25,6328,1.0,scikit-learn/scikit-learn,python
contextbench_verified::SWE-Bench-Verified__python__maintenance__bugfix__3d378646__3d997697fdd1,ok,1.0,0.06666666666666667,6526,,scikit-learn/scikit-learn,python
contextbench_verified::SWE-Bench-Verified__python__maintenance__bugfix__ec6fdd6e__2c867b8f822e,ok,0.3333333333333333,0.07692307692307693,6635,0.0,scikit-learn/scikit-learn,python
contextbench_verified::SWE-Bench-Verified__python__maintenance__bugfix__5900c195__553b5fb8f84b,ok,1.0,0.6666666666666666,6485,1.0,scikit-learn/scikit-learn,python
contextbench_verified::SWE-Bench-Verified__python__maintenance__bugfix__42a80be0__3eacf948e0f9,ok,1.0,0.16666666666666666,6975,,scikit-learn/scikit-learn,python
contextbench_verified::SWE-Bench-Verified__python__maintenance__bugfix__07bafddd__586f4318ffcd,ok,1.0,0.2,6237,,scikit-learn/scikit-learn,python
contextbench_verified::SWE-Bench-Verified__python__maintenance__bugfix__4f130690__97523985b39e,ok,1.0,0.5,6659,,scikit-learn/scikit-learn,python
contextbench_verified::SWE-Bench-Verified__python__maintenance__bugfix__4f88ede2__af8a6e592a1a,ok,1.0,0.5,3917,,scikit-learn/scikit-learn,python
contextbench_verified::SWE-Bench-Verified__python__maintenance__bugfix__b91692e0__e3d1f9ac39e4,ok,1.0,0.05555555555555555,6598,,scikit-learn/scikit-learn,python
contextbench_verified::SWE-Bench-Verified__python__maintenance__bugfix__51f3cc91__fdbaa58acbea,ok,1.0,1.0,6230,,scikit-learn/scikit-learn,python
contextbench_verified::SWE-PolyBench__javascript__maintenance__bugfix__9c9b931e__5a3e0c2bcaff,ok,0.3333333333333333,0.5,1598,0.25,serverless/serverless,javascript
contextbench_verified::SWE-PolyBench__javascript__maintenance__bugfix__4d090fc6__5d4003dbad6f,ok,0.2,0.08333333333333333,2192,0.0,serverless/serverless,javascript
contextbench_verified::SWE-Bench-Verified__python__maintenance__bugfix__27320d49__f7eea9780970,ok,0.5,0.05,6597,0.0,scikit-learn/scikit-learn,python
contextbench_verified::SWE-PolyBench__javascript__maintenance__bugfix__59dd675b__8518000d4fbf,ok,0.5,0.13793103448275862,1624,0.42857142857142855,serverless/serverless,javascript
contextbench_verified::SWE-PolyBench__javascript__maintenance__bugfix__0f1fd789__8c53de83bf62,ok,1.0,0.5,2829,,serverless/serverless,javascript
contextbench_verified::SWE-PolyBench__javascript__maintenance__bugfix__a65e43ee__fa4ef1159a36,ok,1.0,1.0,2886,,serverless/serverless,javascript
contextbench_verified::SWE-PolyBench__javascript__maintenance__bugfix__f4541fb1__fea269947104,ok,0.4,1.0,1450,0.25,serverless/serverless,javascript
contextbench_verified::Multi-SWE-Bench__cpp__maintenance__bugfix__41b108ee__74bb7b2533af,ok,1.0,1.0,5841,,simdjson/simdjson,cpp
contextbench_verified::Multi-SWE-Bench__cpp__maintenance__bugfix__bca55dea__35158257c6e7,ok,0.8571428571428571,0.46153846153846156,7158,,simdjson/simdjson,cpp
contextbench_verified::SWE-Bench-Verified__python__maintenance__bugfix__765e5e14__36367765fe78,ok,1.0,0.3333333333333333,3098,,sphinx-doc/sphinx,python
contextbench_verified::SWE-Bench-Verified__python__maintenance__bugfix__59acbd9a__27ac10de0469,ok,1.0,0.07692307692307693,6708,,sphinx-doc/sphinx,python
contextbench_verified::SWE-Bench-Verified__python__maintenance__bugfix__0f3c174a__4b452338f914,ok,1.0,0.09090909090909091,5500,,sphinx-doc/sphinx,python
contextbench_verified::SWE-Bench-Verified__python__maintenance__bugfix__9dcac3ec__6918e6960081,ok,1.0,0.07692307692307693,6028,,sphinx-doc/sphinx,python
contextbench_verified::SWE-Bench-Verified__python__maintenance__bugfix__8c647f3a__6c38f68dae22,ok,1.0,0.3333333333333333,5204,,sphinx-doc/sphinx,python
contextbench_verified::SWE-Bench-Verified__python__maintenance__bugfix__7afb30f5__71db08c05197,ok,1.0,0.06666666666666667,6284,,sphinx-doc/sphinx,python
contextbench_verified::SWE-Bench-Verified__python__maintenance__bugfix__d0723f55__795747bdb6b8,ok,0.5,1.0,5357,0.0,sphinx-doc/sphinx,python
contextbench_verified::SWE-Bench-Verified__python__maintenance__bugfix__30065f19__939c7bb7ff7c,ok,1.0,0.6,5074,,sphinx-doc/sphinx,python
contextbench_verified::SWE-Bench-Verified__python__maintenance__bugfix__28ed0b77__ac2b7599d212,ok,0.5,0.13333333333333333,6330,0.3333333333333333,sphinx-doc/sphinx,python
contextbench_verified::SWE-Bench-Verified__python__maintenance__bugfix__b5cec962__b3e26a6c8511,ok,1.0,0.3333333333333333,5300,,sphinx-doc/sphinx,python
contextbench_verified::SWE-Bench-Verified__python__maintenance__bugfix__83fd3b37__b428cd240467,ok,0.5,0.09090909090909091,6199,0.0,sphinx-doc/sphinx,python
contextbench_verified::SWE-Bench-Verified__python__maintenance__bugfix__7db465d6__f050a7775dfc,ok,1.0,0.25,5075,,sphinx-doc/sphinx,python
contextbench_verified::SWE-PolyBench__javascript__maintenance__bugfix__e21304a6__1dad8f1936c5,ok,1.0,0.2857142857142857,3576,1.0,sveltejs/svelte,javascript
contextbench_verified::Multi-SWE-Bench__javascript__maintenance__bugfix__2f405b15__092370b43fcb,ok,1.0,0.42857142857142855,4720,,sveltejs/svelte,javascript
contextbench_verified::Multi-SWE-Bench__javascript__maintenance__bugfix__3d4cfa9c__36ece1c38114,ok,0.75,0.25,4410,0.5,sveltejs/svelte,javascript
contextbench_verified::SWE-PolyBench__javascript__maintenance__bugfix__1ad00901__4012414fa733,ok,1.0,0.3333333333333333,2083,,sveltejs/svelte,javascript
contextbench_verified::SWE-PolyBench__javascript__maintenance__bugfix__c26fd1ab__39bbac4393d2,ok,0.5,0.75,4260,0.25,sveltejs/svelte,javascript
contextbench_verified::SWE-PolyBench__javascript__maintenance__bugfix__7e3e2bb9__565931dff957,ok,0.4,0.09523809523809523,5152,0.25,sveltejs/svelte,javascript
contextbench_verified::SWE-PolyBench__javascript__maintenance__bugfix__9ca0e415__4f26363fe0af,ok,0.16666666666666666,0.06666666666666667,4199,0.0,sveltejs/svelte,javascript
contextbench_verified::SWE-PolyBench__javascript__maintenance__bugfix__8cc426dd__64c56eddcd76,ok,0.25,1.0,2721,0.0,sveltejs/svelte,javascript
contextbench_verified::SWE-PolyBench__javascript__maintenance__bugfix__9d623e73__5c4905a595ec,ok,0.5,0.16666666666666666,3902,0.3333333333333333,sveltejs/svelte,javascript
contextbench_verified::SWE-PolyBench__javascript__maintenance__bugfix__27e1903f__8180c5dd6c62,ok,1.0,0.0625,5320,,sveltejs/svelte,javascript
contextbench_verified::SWE-PolyBench__javascript__maintenance__bugfix__63513ada__8d7d0ff7dd7b,ok,0.6,0.25,4937,0.3333333333333333,sveltejs/svelte,javascript
contextbench_verified::Multi-SWE-Bench__javascript__maintenance__bugfix__d33de279__777d059b10de,ok,1.0,0.21428571428571427,3504,,sveltejs/svelte,javascript
contextbench_verified::Multi-SWE-Bench__javascript__maintenance__bugfix__01d1908e__97e5b5285adf,ok,1.0,0.25,3573,,sveltejs/svelte,javascript
contextbench_verified::Multi-SWE-Bench__javascript__maintenance__bugfix__838d3d25__a1f371e78656,ok,1.0,0.18181818181818182,4853,,sveltejs/svelte,javascript
contextbench_verified::SWE-PolyBench__javascript__maintenance__bugfix__78039f77__b4ade9d4b2e3,ok,0.75,0.6,1769,0.6666666666666666,sveltejs/svelte,javascript
contextbench_verified::SWE-PolyBench__javascript__maintenance__bugfix__1e29a469__b662c7fd41b3,ok,1.0,0.12,4752,1.0,sveltejs/svelte,javascript
contextbench_verified::SWE-PolyBench__javascript__maintenance__bugfix__c6d3e230__b99ee7d5d177,ok,1.0,0.3,5262,1.0,sveltejs/svelte,javascript
contextbench_verified::Multi-SWE-Bench__javascript__maintenance__bugfix__1081c568__ca6e9b5745e8,ok,1.0,0.16666666666666666,6364,,sveltejs/svelte,javascript
contextbench_verified::Multi-SWE-Bench__javascript__maintenance__bugfix__bb727b6d__cf6b64c6c022,ok,1.0,0.11764705882352941,4704,,sveltejs/svelte,javascript
contextbench_verified::Multi-SWE-Bench__javascript__maintenance__bugfix__2f838a18__db0b802fc2a8,ok,1.0,0.5,3215,,sveltejs/svelte,javascript
contextbench_verified::Multi-SWE-Bench__javascript__maintenance__bugfix__a98dbc6f__c66bf178aae1,ok,1.0,1.0,4774,,sveltejs/svelte,javascript
contextbench_verified::SWE-PolyBench__javascript__maintenance__bugfix__11e78a8d__dbf503b9e1ed,ok,0.8,0.26666666666666666,5510,0.75,sveltejs/svelte,javascript
contextbench_verified::SWE-PolyBench__javascript__maintenance__bugfix__d3babcfe__dc4fdcf77e61,ok,0.8,0.4444444444444444,4622,0.75,sveltejs/svelte,javascript
contextbench_verified::SWE-PolyBench__javascript__maintenance__bugfix__e647c8ce__e4460e38ba58,ok,0.5,1.0,4218,0.25,sveltejs/svelte,javascript
contextbench_verified::Multi-SWE-Bench__javascript__maintenance__bugfix__bd81816f__e417d3a2d281,ok,0.3333333333333333,0.2857142857142857,2401,0.0,sveltejs/svelte,javascript
contextbench_verified::SWE-PolyBench__javascript__maintenance__bugfix__eb1411ba__ea88317f84ad,ok,0.3333333333333333,0.18181818181818182,4905,0.2,sveltejs/svelte,javascript
contextbench_verified::SWE-PolyBench__javascript__maintenance__bugfix__b9ce6a70__f341befacb92,ok,1.0,0.1,4951,,sveltejs/svelte,javascript
contextbench_verified::SWE-PolyBench__javascript__maintenance__bugfix__d1cb6b19__ff2a21e63ad2,ok,0.4,0.2857142857142857,4593,0.25,sveltejs/svelte,javascript
contextbench_verified::SWE-Bench-Verified__python__maintenance__bugfix__bc999af3__165971200181,ok,1.0,0.14285714285714285,5248,,sympy/sympy,python
contextbench_verified::SWE-Bench-Verified__python__maintenance__bugfix__ac127191__10de1a18a0ef,ok,0.6,0.15789473684210525,6396,0.5,sympy/sympy,python
contextbench_verified::SWE-Bench-Verified__python__maintenance__bugfix__9ea965a5__30379ea6e225,ok,1.0,0.2,5647,,sympy/sympy,python
contextbench_verified::SWE-Bench-Verified__python__maintenance__bugfix__3c7d37b7__39de9a2698ad,ok,1.0,0.08333333333333333,6996,,sympy/sympy,python
contextbench_verified::SWE-Bench-Verified__python__maintenance__bugfix__af69d880__3f8c8c2377cb,ok,1.0,0.5,5233,1.0,sympy/sympy,python
contextbench_verified::SWE-Bench-Verified__python__maintenance__bugfix__51e329de__479939f8c65c,ok,0.25,0.14285714285714285,4184,0.0,sympy/sympy,python
contextbench_verified::SWE-Bench-Verified__python__maintenance__bugfix__074f37ac__3ff4717b6aef,ok,1.0,0.5,4356,,sympy/sympy,python
contextbench_verified::SWE-Bench-Verified__python__maintenance__bugfix__186c0af4__50d8a102f073,ok,1.0,0.2,4054,,sympy/sympy,python
contextbench_verified::SWE-Bench-Verified__python__maintenance__bugfix__8d1c297a__67e3c956083d,ok,1.0,0.14285714285714285,4673,,sympy/sympy,python
contextbench_verified::SWE-Bench-Verified__python__maintenance__bugfix__9b321036__6810dee42694,ok,1.0,0.06666666666666667,5464,,sympy/sympy,python
contextbench_verified::SWE-Bench-Verified__python__maintenance__bugfix__d561b333__6f54459aa024,ok,1.0,1.0,2257,,sympy/sympy,python
contextbench_verified::SWE-Bench-Verified__python__maintenance__bugfix__83a70168__6fd65310fa31,ok,0.8571428571428571,0.5454545454545454,6791,0.0,sympy/sympy,python
contextbench_verified::SWE-Bench-Verified__python__maintenance__bugfix__c4bcf730__701441853569,ok,0.5,0.5,5277,0.0,sympy/sympy,python
contextbench_verified::SWE-Bench-Verified__python__maintenance__bugfix__e09a2d75__9476425b9e34,ok,0.5,0.06666666666666667,6506,0.0,sympy/sympy,python
contextbench_verified::SWE-Bench-Verified__python__maintenance__bugfix__7439767b__9cbea134220b,ok,0.6666666666666666,0.3333333333333333,5006,0.5,sympy/sympy,python
contextbench_verified::SWE-Bench-Verified__python__maintenance__bugfix__a375715a__a3475b3f9ac6,ok,1.0,0.1111111111111111,4791,,sympy/sympy,python
contextbench_verified::SWE-Bench-Verified__python__maintenance__bugfix__bc1c666f__aa9780761ad8,ok,1.0,0.2,6637,,sympy/sympy,python
contextbench_verified::SWE-Bench-Verified__python__maintenance__bugfix__d3576321__c0e85160406f,ok,0.4,0.09523809523809523,4877,0.25,sympy/sympy,python
contextbench_verified::SWE-Bench-Verified__python__maintenance__bugfix__58d0e27a__b4777fdcef46,ok,1.0,1.0,4186,,sympy/sympy,python
contextbench_verified::SWE-Bench-Verified__python__maintenance__bugfix__20294df2__c50643a49811,ok,1.0,0.2,7127,,sympy/sympy,python
contextbench_verified::SWE-Bench-Verified__python__maintenance__bugfix__726ccefd__c4e836cdf73f,ok,0.5,0.1,6525,0.3333333333333333,sympy/sympy,python
contextbench_verified::SWE-Bench-Verified__python__maintenance__bugfix__3b4c72f1__c935e1d10674,ok,0.5,0.2,6272,0.3333333333333333,sympy/sympy,python
contextbench_verified::SWE-Bench-Verified__python__maintenance__bugfix__4d321c4a__cffd4e0f86fe,ok,0.6666666666666666,0.07407407407407407,6116,0.5,sympy/sympy,python
contextbench_verified::SWE-Bench-Verified__python__maintenance__bugfix__13b74fcf__d4e0231b0814,ok,1.0,0.5,6747,,sympy/sympy,python
contextbench_verified::SWE-Bench-Verified__python__maintenance__bugfix__7ec77e9c__d7c304511569,ok,1.0,0.3333333333333333,4912,,sympy/sympy,python
contextbench_verified::SWE-Bench-Verified__python__maintenance__bugfix__91e36e16__d9b18c518d64,ok,1.0,0.2,6021,,sympy/sympy,python
contextbench_verified::SWE-Bench-Verified__python__maintenance__bugfix__15e5aaa3__de446c6d85f6,ok,1.0,1.0,4736,,sympy/sympy,python
contextbench_verified::SWE-Bench-Verified__python__maintenance__bugfix__3d43f489__e11d3fed7821,ok,1.0,0.14285714285714285,2443,,sympy/sympy,python
contextbench_verified::Multi-SWE-Bench__rust__maintenance__bugfix__03fdad45__9965a04b5684,ok,1.0,1.0,2771,,tokio-rs/bytes,rust
contextbench_verified::Multi-SWE-Bench__rust__maintenance__bugfix__3a4062fe__43c224ff47e4,ok,1.0,0.1,3728,,tokio-rs/tokio,rust
contextbench_verified::Multi-SWE-Bench__rust__maintenance__bugfix__1cadcb7d__4609f22aff1a,ok,1.0,0.14285714285714285,5067,,tokio-rs/tracing,rust
contextbench_verified::Multi-SWE-Bench__rust__maintenance__bugfix__aa16b8b2__908cc432a599,ok,1.0,0.2,5983,,tokio-rs/tracing,rust
contextbench_verified::SWE-Bench-Verified__python__maintenance__bugfix__1eaeabf4__fdc707f73a65,ok,1.0,0.5,3139,,sympy/sympy,python
contextbench_verified::Multi-SWE-Bench__typescript__maintenance__bugfix__04c51be7__0275dd329d24,ok,0.25,0.5,1928,0.0,vuejs/core,typescript
contextbench_verified::Multi-SWE-Bench__typescript__maintenance__bugfix__c8b82135__0e63cbfaf579,ok,0.125,0.16666666666666666,3685,0.0,vuejs/core,typescript
contextbench_verified::Multi-SWE-Bench__typescript__maintenance__bugfix__2aa6fa4c__582cd2e9bc21,ok,1.0,0.06666666666666667,5837,,vuejs/core,typescript
contextbench_verified::Multi-SWE-Bench__typescript__maintenance__bugfix__8d2ac221__314ce82e479d,ok,1.0,0.13333333333333333,6462,1.0,vuejs/core,typescript
contextbench_verified::Multi-SWE-Bench__typescript__maintenance__bugfix__18eac778__68e5cc6ac8fc,ok,1.0,0.5,995,,vuejs/core,typescript
contextbench_verified::Multi-SWE-Bench__typescript__maintenance__bugfix__54ebe590__75e02b5099a0,ok,0.5,0.16666666666666666,3166,0.0,vuejs/core,typescript
contextbench_verified::Multi-SWE-Bench__typescript__maintenance__bugfix__ff629f34__d0b513eb463f,ok,0.3333333333333333,0.2,2908,0.0,vuejs/core,typescript
contextbench_verified::Multi-SWE-Bench__typescript__maintenance__bugfix__6a14056a__b74687c0bbc0,ok,0.7142857142857143,0.7142857142857143,4463,0.0,vuejs/core,typescript
contextbench_verified::Multi-SWE-Bench__typescript__maintenance__bugfix__7c41997b__d276a4f3e914,ok,0.75,0.75,4362,0.0,vuejs/core,typescript
contextbench_verified::Multi-SWE-Bench__typescript__maintenance__bugfix__6a53360d__dadb3632a0f8,ok,1.0,0.75,4206,,vuejs/core,typescript
contextbench_verified::Multi-SWE-Bench__typescript__maintenance__bugfix__5eee261d__f6babf323631,ok,0.25,0.16666666666666666,2855,0.0,vuejs/core,typescript
contextbench_verified::SWE-PolyBench__python__maintenance__bugfix__9ea927ce__39bc699d2e6e,ok,0.75,1.0,6755,0.5,yt-dlp/yt-dlp,python
contextbench_verified::SWE-PolyBench__python__maintenance__bugfix__37455515__f07951495740,ok,1.0,0.8,4759,,yt-dlp/yt-dlp,python
contextbench_verified::Multi-SWE-Bench__go__maintenance__bugfix__ed8db47d__af05219b70c5,ok,1.0,0.3333333333333333,5601,1.0,zeromicro/go,go
contextbench_verified::Multi-SWE-Bench__typescript__maintenance__bugfix__1ff281e5__5b53f5efe691,timeout,0.0,0.0,0,,mui/material,typescript
contextbench_verified::Multi-SWE-Bench__typescript__maintenance__bugfix__7958c8a7__b144a55f0ff8,timeout,0.0,0.0,0,,mui/material,typescript
contextbench_verified::Multi-SWE-Bench__typescript__maintenance__bugfix__6cb88b18__d35d22994887,timeout,0.0,0.0,0,,mui/material,typescript
contextbench_verified::Multi-SWE-Bench__typescript__maintenance__bugfix__8fcb53e6__eb8e95bacf06,timeout,0.0,0.0,0,,mui/material,typescript
